ID,ID_Motor,Merk,Model,Tipe_Sistem,G01,G02,G03,G04,G05,G06,G07,G08,G09,G10,G11,G12,G13,G14,G15,G16,G17,G18,G19,G20,G21,G22,G23,G24,G25,G26,Kode_Kerusakan,Nama_Kerusakan,Solusi,Inferensi_FC
1,13,YAMAHA,Mio S,Injeksi,0,0,0,0,1,0,0,0,0,0,0,0,0,0,0,1,0,0,0,0,0,0,0,0,0,0,K13,Klep (Valve) Bocor,"Skir klep, ganti seal klep, dan setel celah klep.",
2,4,HONDA,Vario 150,Injeksi,0,0,0,0,0,0,0,0,0,0,0,0,0,0,1,0,0,0,0,0,0,0,0,0,0,0,K10,Piston / Ring Piston Aus,"Korter blok silinder, ganti piston dan ring piston set.",
3,4,HONDA,Vario 150,Injeksi,0,0,0,0,0,0,0,0,0,0,0,0,0,0,0,0,1,0,0,0,0,0,0,0,0,0,K18,Koil Pengapian Rusak,Ganti koil pengapian dengan yang baru sesuai spesifikasi.,
4,5,HONDA,Scoopy FI,Injeksi,0,0,0,0,0,0,0,0,1,0,0,0,0,0,0,0,0,0,0,0,0,0,0,0,0,1,K40,ECU Rusak,"Periksa ECU dengan scanner, reset atau ganti ECU.",
5,9,HONDA,Beat Karbu,Karburator,0,0,0,0,0,0,0,0,0,0,0,0,0,0,0,0,0,0,0,0,0,0,1,0,0,0,K37,Per CVT Lemah / Patah,Ganti per CVT (center spring) dengan yang baru.,
6,23,YAMAHA,Xeon Karbu,Karburator,0,0,0,0,0,0,0,0,0,0,0,0,0,0,0,0,0,1,0,1,0,0,0,0,0,0,K36,Piston Macet (Seizure),"Bongkar mesin, korter ulang silinder, ganti piston baru.",
7,8,HONDA,ADV 160,Injeksi,0,0,0,0,0,0,0,0,0,0,0,0,0,0,0,0,0,0,0,1,0,0,0,0,0,0,K36,Piston Macet (Seizure),"Bongkar mesin, korter ulang silinder, ganti piston baru.",
8,16,YAMAHA,Aerox 155,Injeksi,0,0,0,0,0,0,0,0,1,0,0,0,0,0,0,0,0,0,0,0,0,0,0,0,0,1,K40,ECU Rusak,"Periksa ECU dengan scanner, reset atau ganti ECU.",
9,20,YAMAHA,Mio Sporty,Karburator,0,0,0,0,1,0,0,0,0,0,0,0,0,0,0,1,0,0,0,0,0,0,0,0,0,0,K13,Klep (Valve) Bocor,"Skir klep, ganti seal klep, dan setel celah klep.",
10,11,HONDA,Scoopy Karbu,Karburator,1,0,0,0,0,0,0,0,0,0,1,0,0,0,0,0,0,0,0,0,0,0,0,0,0,0,K04,Karburator Kotor,"Bongkar karburator, bersihkan pilot jet dan main jet.",
11,18,YAMAHA,Freego,Injeksi,0,0,0,1,0,0,0,0,0,0,0,0,0,0,0,0,0,0,0,0,0,0,0,0,0,0,K10,Piston / Ring Piston Aus,"Korter blok silinder, ganti piston dan ring piston set.",
12,7,HONDA,PCX 160,Injeksi,0,0,0,0,0,0,0,0,0,0,0,0,0,0,0,0,0,0,0,0,0,0,0,0,0,1,K40,ECU Rusak,"Periksa ECU dengan scanner, reset atau ganti ECU.",
13,2,HONDA,Beat Street,Injeksi,0,0,0,0,0,0,0,0,0,0,0,0,0,0,0,0,1,0,0,0,0,0,0,0,0,0,K18,Koil Pengapian Rusak,Ganti koil pengapian dengan yang baru sesuai spesifikasi.,
14,9,HONDA,Beat Karbu,Karburator,0,0,0,0,0,0,0,0,0,1,1,0,0,0,0,0,0,0,0,0,0,0,0,0,0,0,K01,Busi Bermasalah,"Ganti busi baru sesuai spesifikasi, cek gap/celah busi.",
15,5,HONDA,Scoopy FI,Injeksi,0,0,0,0,0,0,0,0,0,0,0,0,0,0,0,0,0,0,0,0,0,1,0,0,0,0,K30,Pompa Oli Mesin Lemah,Ganti pompa oli mesin dan periksa saluran oli.,
16,5,HONDA,Scoopy FI,Injeksi,0,0,0,0,0,0,0,0,0,0,0,1,0,0,0,0,0,0,0,0,0,0,0,0,0,0,K31,V-Belt CVT Retak / Putus,Ganti V-Belt CVT dengan ukuran standar.,
17,22,YAMAHA,Fino Karbu,Karburator,1,0,0,0,0,0,0,0,0,0,1,0,0,0,0,0,0,0,0,0,0,0,0,0,0,0,K04,Karburator Kotor,"Bongkar karburator, bersihkan pilot jet dan main jet.",
18,1,HONDA,Beat FI,Injeksi,0,0,0,0,0,0,1,0,0,0,0,0,1,0,0,0,0,0,0,0,0,0,0,0,0,0,K09,Roller CVT Aus,Ganti roller CVT satu set sesuai berat standar.,
19,20,YAMAHA,Mio Sporty,Karburator,0,0,0,1,0,0,0,0,0,0,0,0,0,0,1,0,0,0,0,0,0,0,0,0,0,0,K10,Piston / Ring Piston Aus,"Korter blok silinder, ganti piston dan ring piston set.",
20,18,YAMAHA,Freego,Injeksi,0,0,0,0,0,1,0,0,0,0,0,0,0,1,0,0,0,0,0,0,0,0,0,0,0,0,K03,Overheat (Radiator Tersumbat),"Flush radiator, ganti coolant, periksa water pump.",
21,22,YAMAHA,Fino Karbu,Karburator,0,0,0,0,0,0,0,0,0,0,0,0,0,0,0,0,0,0,0,0,1,0,0,0,0,0,K35,Seal / Paking Mesin Bocor,Ganti gasket/paking head dan seal mesin yang bocor.,
22,5,HONDA,Scoopy FI,Injeksi,0,0,0,0,0,0,0,0,1,0,0,0,0,0,0,0,0,0,0,0,0,0,0,0,0,1,K40,ECU Rusak,"Periksa ECU dengan scanner, reset atau ganti ECU.",
23,6,HONDA,Genio,Injeksi,0,0,0,1,0,0,0,0,0,0,0,0,0,0,1,0,0,0,0,0,0,0,0,0,0,0,K10,Piston / Ring Piston Aus,"Korter blok silinder, ganti piston dan ring piston set.",
24,9,HONDA,Beat Karbu,Karburator,0,0,0,0,1,0,0,0,0,1,1,0,0,0,0,0,0,0,0,0,0,0,0,0,0,0,K01,Busi Bermasalah,"Ganti busi baru sesuai spesifikasi, cek gap/celah busi.",
25,7,HONDA,PCX 160,Injeksi,0,0,0,0,0,0,0,0,0,0,0,0,0,0,0,0,0,0,0,1,0,1,0,0,0,0,K30,Pompa Oli Mesin Lemah,Ganti pompa oli mesin dan periksa saluran oli.,
26,20,YAMAHA,Mio Sporty,Karburator,1,0,0,0,0,0,0,0,0,0,0,0,0,0,0,0,0,0,0,0,0,0,0,0,0,0,K04,Karburator Kotor,"Bongkar karburator, bersihkan pilot jet dan main jet.",
27,18,YAMAHA,Freego,Injeksi,0,0,0,0,0,0,0,0,0,0,0,0,0,0,1,0,0,0,0,0,0,0,0,0,0,0,K10,Piston / Ring Piston Aus,"Korter blok silinder, ganti piston dan ring piston set.",
28,22,YAMAHA,Fino Karbu,Karburator,0,0,0,0,0,0,0,0,0,0,0,0,0,0,0,0,0,0,0,0,0,0,0,1,0,0,K45,Setelan Angin Karburator Salah,Setel ulang setelan angin (pilot screw) karburator.,
29,9,HONDA,Beat Karbu,Karburator,0,0,1,0,0,0,0,0,0,0,0,0,0,0,0,0,0,0,0,0,0,0,0,0,1,0,K15,Bearing Noken As Aus,Ganti bearing noken as dan periksa keausan camshaft.,
30,11,HONDA,Scoopy Karbu,Karburator,0,0,0,0,0,0,0,0,0,1,0,0,0,0,0,0,0,0,0,0,0,0,0,0,0,0,K01,Busi Bermasalah,"Ganti busi baru sesuai spesifikasi, cek gap/celah busi.",
31,10,HONDA,Vario 110 Karbu,Karburator,1,0,0,0,0,0,0,0,0,1,0,0,0,0,0,0,0,0,0,0,0,0,0,0,0,0,K04,Karburator Kotor,"Bongkar karburator, bersihkan pilot jet dan main jet.",
32,7,HONDA,PCX 160,Injeksi,0,0,0,0,0,0,0,0,1,0,0,0,0,0,0,0,0,0,0,0,0,0,0,0,0,1,K40,ECU Rusak,"Periksa ECU dengan scanner, reset atau ganti ECU.",
33,16,YAMAHA,Aerox 155,Injeksi,1,0,0,0,0,0,0,0,0,0,0,0,0,0,0,0,0,0,0,0,0,0,0,0,0,0,K06,Injektor Kotor / Tersumbat,Bersihkan injektor dengan injector cleaner atau ganti baru.,
34,22,YAMAHA,Fino Karbu,Karburator,0,1,0,0,0,0,0,0,0,0,0,0,0,0,0,0,0,0,0,0,0,0,0,0,0,0,K02,Aki Soak / Lemah,"Cas ulang aki atau ganti aki baru, periksa kiprok/regulator.",
35,21,YAMAHA,Mio Soul Karbu,Karburator,0,0,0,0,0,0,0,0,0,0,0,0,1,0,0,0,0,0,0,0,0,0,0,0,0,0,K33,Kampas Ganda Aus,Ganti kampas ganda (clutch shoe) CVT satu set.,
36,11,HONDA,Scoopy Karbu,Karburator,0,0,0,0,0,0,0,0,0,0,0,0,0,0,0,0,0,0,1,0,0,0,0,0,0,0,K44,Kabel Gas Aus / Macet,Lumasi atau ganti kabel gas (throttle cable).,
37,21,YAMAHA,Mio Soul Karbu,Karburator,0,0,0,0,0,0,0,0,0,0,0,1,0,0,0,0,0,0,0,0,0,0,0,0,0,0,K31,V-Belt CVT Retak / Putus,Ganti V-Belt CVT dengan ukuran standar.,
38,2,HONDA,Beat Street,Injeksi,0,0,0,0,0,0,0,0,0,0,0,0,0,0,0,0,0,0,0,0,0,1,0,0,0,0,K30,Pompa Oli Mesin Lemah,Ganti pompa oli mesin dan periksa saluran oli.,
39,8,HONDA,ADV 160,Injeksi,0,0,0,1,0,0,0,0,0,0,0,0,0,0,0,0,0,0,0,0,0,0,0,0,0,0,K10,Piston / Ring Piston Aus,"Korter blok silinder, ganti piston dan ring piston set.",
40,3,HONDA,Vario 125,Injeksi,0,0,0,0,0,0,1,0,0,0,0,0,0,0,0,0,0,0,0,0,0,0,0,0,0,0,K09,Roller CVT Aus,Ganti roller CVT satu set sesuai berat standar.,
41,23,YAMAHA,Xeon Karbu,Karburator,0,0,0,0,0,0,0,0,0,0,0,0,0,0,0,0,0,0,1,0,0,0,0,0,0,0,K44,Kabel Gas Aus / Macet,Lumasi atau ganti kabel gas (throttle cable).,
42,16,YAMAHA,Aerox 155,Injeksi,0,0,0,0,0,0,0,0,1,0,0,0,0,0,0,0,0,0,0,0,0,0,0,0,0,0,K08,Sensor TPS / ECU Error,"Reset ECU, kalibrasi TPS, atau ganti sensor TPS.",
43,17,YAMAHA,Lexi,Injeksi,0,0,0,0,0,0,0,0,0,0,0,0,0,0,0,0,0,1,0,0,0,0,0,0,0,0,K36,Piston Macet (Seizure),"Bongkar mesin, korter ulang silinder, ganti piston baru.",
44,23,YAMAHA,Xeon Karbu,Karburator,0,1,0,0,0,0,0,0,0,0,0,0,0,0,0,0,0,0,0,0,0,0,0,0,0,0,K02,Aki Soak / Lemah,"Cas ulang aki atau ganti aki baru, periksa kiprok/regulator.",
45,18,YAMAHA,Freego,Injeksi,0,0,0,0,0,0,0,0,0,0,1,0,0,0,0,0,0,0,0,0,0,0,0,0,0,0,K18,Koil Pengapian Rusak,Ganti koil pengapian dengan yang baru sesuai spesifikasi.,
46,5,HONDA,Scoopy FI,Injeksi,1,0,0,0,0,0,0,0,0,1,0,0,0,0,0,0,0,0,0,0,0,0,0,0,0,0,K06,Injektor Kotor / Tersumbat,Bersihkan injektor dengan injector cleaner atau ganti baru.,
47,3,HONDA,Vario 125,Injeksi,0,0,0,0,0,0,0,0,1,0,0,0,0,0,0,0,0,0,0,0,0,0,0,0,0,0,K08,Sensor TPS / ECU Error,"Reset ECU, kalibrasi TPS, atau ganti sensor TPS.",
48,15,YAMAHA,NMAX 155,Injeksi,0,0,0,0,0,0,0,0,0,0,0,0,0,0,1,0,0,0,0,0,0,0,0,0,0,0,K10,Piston / Ring Piston Aus,"Korter blok silinder, ganti piston dan ring piston set.",
49,20,YAMAHA,Mio Sporty,Karburator,1,0,0,0,0,0,0,0,0,1,1,0,0,0,0,0,0,0,0,0,0,0,0,0,0,0,K04,Karburator Kotor,"Bongkar karburator, bersihkan pilot jet dan main jet.",
50,17,YAMAHA,Lexi,Injeksi,0,0,0,1,1,0,0,0,0,0,0,0,0,0,0,0,0,0,0,0,0,0,0,0,0,0,K10,Piston / Ring Piston Aus,"Korter blok silinder, ganti piston dan ring piston set.",
51,19,YAMAHA,Fino FI,Injeksi,1,0,0,0,0,0,0,0,0,1,0,0,0,0,0,0,0,0,0,0,0,0,0,0,0,0,K06,Injektor Kotor / Tersumbat,Bersihkan injektor dengan injector cleaner atau ganti baru.,
52,3,HONDA,Vario 125,Injeksi,0,1,0,0,0,0,0,0,0,0,0,0,0,0,0,0,0,0,0,0,0,0,0,0,0,0,K05,Fuel Pump Lemah,"Periksa tekanan fuel pump, ganti rotak atau assy.",
53,13,YAMAHA,Mio S,Injeksi,1,0,0,0,0,0,0,0,0,1,1,0,0,0,0,0,0,0,0,0,0,0,0,0,0,0,K06,Injektor Kotor / Tersumbat,Bersihkan injektor dengan injector cleaner atau ganti baru.,
54,22,YAMAHA,Fino Karbu,Karburator,0,0,0,0,0,1,0,0,0,0,0,0,0,0,0,0,0,0,0,0,0,0,0,0,0,0,K03,Overheat (Radiator Tersumbat),"Flush radiator, ganti coolant, periksa water pump.",
55,4,HONDA,Vario 150,Injeksi,0,0,0,0,0,0,0,0,0,0,0,0,0,0,0,0,0,0,0,1,0,0,0,0,1,0,K38,Kruk As / Bearing Besar Oblak,Ganti bearing besar kruk as (crankshaft bearing).,
56,12,YAMAHA,Mio M3,Injeksi,0,0,0,0,0,0,0,0,0,0,0,0,0,0,0,0,0,0,1,0,0,0,0,0,0,0,K20,Throttle Body Kotor,Bersihkan throttle body dan ISC/IACV dengan carb cleaner.,
57,3,HONDA,Vario 125,Injeksi,0,0,0,0,0,0,0,0,0,0,0,0,0,1,0,0,0,0,0,0,0,0,0,0,0,0,K24,Kipas Radiator Mati,Ganti motor kipas radiator atau periksa relay/fuse kipas.,
58,4,HONDA,Vario 150,Injeksi,0,0,0,0,0,0,0,0,0,0,1,0,0,0,0,0,1,0,0,0,0,0,0,0,0,0,K18,Koil Pengapian Rusak,Ganti koil pengapian dengan yang baru sesuai spesifikasi.,
59,8,HONDA,ADV 160,Injeksi,0,0,0,0,0,0,0,0,0,0,0,0,0,0,0,0,0,1,0,1,0,0,0,0,0,0,K36,Piston Macet (Seizure),"Bongkar mesin, korter ulang silinder, ganti piston baru.",
60,9,HONDA,Beat Karbu,Karburator,0,0,0,0,0,0,0,0,0,0,0,0,0,0,0,0,0,0,0,0,0,1,0,0,0,0,K30,Pompa Oli Mesin Lemah,Ganti pompa oli mesin dan periksa saluran oli.,
61,4,HONDA,Vario 150,Injeksi,0,0,1,0,0,0,0,0,0,0,0,0,0,0,0,0,0,0,0,0,0,0,0,0,0,0,K15,Bearing Noken As Aus,Ganti bearing noken as dan periksa keausan camshaft.,
62,14,YAMAHA,Soul GT FI,Injeksi,1,0,0,0,0,0,0,0,0,0,0,0,0,0,0,0,0,0,0,0,0,0,0,0,0,0,K06,Injektor Kotor / Tersumbat,Bersihkan injektor dengan injector cleaner atau ganti baru.,
63,18,YAMAHA,Freego,Injeksi,0,0,0,1,0,0,0,0,0,0,0,0,0,0,1,0,0,0,0,0,0,0,0,0,0,0,K10,Piston / Ring Piston Aus,"Korter blok silinder, ganti piston dan ring piston set.",
64,19,YAMAHA,Fino FI,Injeksi,0,0,0,0,0,0,0,0,0,0,0,0,0,0,0,0,0,0,0,1,0,0,0,0,1,0,K38,Kruk As / Bearing Besar Oblak,Ganti bearing besar kruk as (crankshaft bearing).,
65,1,HONDA,Beat FI,Injeksi,0,0,0,0,0,0,0,0,0,0,0,0,0,0,0,0,0,0,0,0,0,0,0,0,1,0,K38,Kruk As / Bearing Besar Oblak,Ganti bearing besar kruk as (crankshaft bearing).,
66,5,HONDA,Scoopy FI,Injeksi,0,0,1,0,0,0,0,0,0,0,0,0,0,0,0,0,0,0,0,0,0,0,0,0,1,0,K15,Bearing Noken As Aus,Ganti bearing noken as dan periksa keausan camshaft.,
67,15,YAMAHA,NMAX 155,Injeksi,1,0,0,0,0,0,0,0,0,1,0,0,0,0,0,0,0,0,0,0,0,0,0,0,0,0,K06,Injektor Kotor / Tersumbat,Bersihkan injektor dengan injector cleaner atau ganti baru.,
68,21,YAMAHA,Mio Soul Karbu,Karburator,0,0,0,0,0,0,0,0,0,1,0,0,0,0,0,0,0,0,0,0,0,0,0,0,0,0,K01,Busi Bermasalah,"Ganti busi baru sesuai spesifikasi, cek gap/celah busi.",
69,1,HONDA,Beat FI,Injeksi,0,0,0,0,0,0,0,0,1,0,1,0,0,0,0,0,0,0,0,0,0,0,0,0,0,0,K08,Sensor TPS / ECU Error,"Reset ECU, kalibrasi TPS, atau ganti sensor TPS.",
70,9,HONDA,Beat Karbu,Karburator,1,0,0,0,0,0,0,0,0,1,0,0,0,0,0,0,0,0,0,0,0,0,0,0,0,0,K04,Karburator Kotor,"Bongkar karburator, bersihkan pilot jet dan main jet.",
71,1,HONDA,Beat FI,Injeksi,0,0,0,0,0,0,0,0,1,0,0,0,0,0,0,0,0,0,0,0,0,0,0,0,0,1,K40,ECU Rusak,"Periksa ECU dengan scanner, reset atau ganti ECU.",
72,4,HONDA,Vario 150,Injeksi,0,0,0,0,0,0,0,0,0,0,0,0,0,1,0,0,0,0,0,0,0,0,0,0,0,0,K24,Kipas Radiator Mati,Ganti motor kipas radiator atau periksa relay/fuse kipas.,
73,18,YAMAHA,Freego,Injeksi,0,0,0,0,0,0,0,0,0,0,0,1,0,0,0,0,0,0,0,0,0,0,0,0,0,0,K31,V-Belt CVT Retak / Putus,Ganti V-Belt CVT dengan ukuran standar.,
74,19,YAMAHA,Fino FI,Injeksi,1,0,0,0,0,0,0,0,0,1,0,0,0,0,0,0,0,0,0,0,0,0,0,0,0,0,K06,Injektor Kotor / Tersumbat,Bersihkan injektor dengan injector cleaner atau ganti baru.,
75,4,HONDA,Vario 150,Injeksi,0,0,0,0,0,0,0,0,1,0,1,0,0,0,0,0,0,0,0,0,0,0,0,0,0,0,K08,Sensor TPS / ECU Error,"Reset ECU, kalibrasi TPS, atau ganti sensor TPS.",
76,9,HONDA,Beat Karbu,Karburator,0,0,0,0,0,0,0,0,0,0,0,0,0,0,0,0,0,0,1,0,0,0,0,0,0,0,K44,Kabel Gas Aus / Macet,Lumasi atau ganti kabel gas (throttle cable).,
77,6,HONDA,Genio,Injeksi,0,0,0,0,0,0,0,0,0,0,0,0,0,0,0,0,0,1,0,0,0,0,0,0,0,0,K36,Piston Macet (Seizure),"Bongkar mesin, korter ulang silinder, ganti piston baru.",
78,21,YAMAHA,Mio Soul Karbu,Karburator,0,0,0,0,0,0,0,0,0,0,0,0,0,0,1,0,0,0,0,0,1,0,0,0,0,0,K35,Seal / Paking Mesin Bocor,Ganti gasket/paking head dan seal mesin yang bocor.,
79,23,YAMAHA,Xeon Karbu,Karburator,0,0,0,0,0,0,0,0,0,0,1,0,0,0,0,0,0,0,0,0,0,0,0,1,0,0,K45,Setelan Angin Karburator Salah,Setel ulang setelan angin (pilot screw) karburator.,
80,23,YAMAHA,Xeon Karbu,Karburator,0,0,0,0,0,0,0,0,0,0,0,0,0,0,1,0,0,0,0,0,0,0,0,0,0,0,K10,Piston / Ring Piston Aus,"Korter blok silinder, ganti piston dan ring piston set.",
81,16,YAMAHA,Aerox 155,Injeksi,0,0,0,0,0,0,0,0,0,0,0,0,0,0,0,0,0,1,0,1,0,0,0,0,0,0,K36,Piston Macet (Seizure),"Bongkar mesin, korter ulang silinder, ganti piston baru.",
82,22,YAMAHA,Fino Karbu,Karburator,0,0,0,1,0,0,0,0,0,0,0,0,0,0,0,0,0,0,0,0,0,0,0,0,0,0,K10,Piston / Ring Piston Aus,"Korter blok silinder, ganti piston dan ring piston set.",
83,11,HONDA,Scoopy Karbu,Karburator,0,0,0,0,0,0,0,0,0,0,0,0,0,0,0,0,0,0,0,1,0,0,0,0,0,0,K36,Piston Macet (Seizure),"Bongkar mesin, korter ulang silinder, ganti piston baru.",
84,23,YAMAHA,Xeon Karbu,Karburator,1,0,0,0,0,0,0,0,0,0,0,0,0,0,0,0,0,0,0,0,0,0,0,0,0,0,K04,Karburator Kotor,"Bongkar karburator, bersihkan pilot jet dan main jet.",
85,14,YAMAHA,Soul GT FI,Injeksi,0,0,0,0,0,0,0,0,0,0,0,0,0,0,0,1,0,0,0,0,0,0,0,0,0,0,K13,Klep (Valve) Bocor,"Skir klep, ganti seal klep, dan setel celah klep.",
86,1,HONDA,Beat FI,Injeksi,0,0,0,0,0,0,0,1,0,0,0,0,0,0,0,0,0,0,0,0,0,0,0,0,0,0,K16,Rantai Keteng Kendur,Ganti tensioner dan rantai keteng (timing chain).,
87,21,YAMAHA,Mio Soul Karbu,Karburator,0,0,0,0,0,0,0,0,0,0,0,0,0,0,1,0,0,0,0,0,0,0,0,0,0,0,K10,Piston / Ring Piston Aus,"Korter blok silinder, ganti piston dan ring piston set.",
88,15,YAMAHA,NMAX 155,Injeksi,0,0,0,0,0,0,0,0,0,0,0,0,0,0,0,0,0,0,0,0,0,0,0,0,1,0,K38,Kruk As / Bearing Besar Oblak,Ganti bearing besar kruk as (crankshaft bearing).,
89,5,HONDA,Scoopy FI,Injeksi,1,0,0,0,0,0,0,0,0,0,1,0,0,0,0,0,0,0,0,0,0,0,0,0,0,0,K06,Injektor Kotor / Tersumbat,Bersihkan injektor dengan injector cleaner atau ganti baru.,
90,13,YAMAHA,Mio S,Injeksi,0,0,0,0,0,0,0,0,0,0,0,0,0,0,0,0,1,0,0,0,0,0,0,0,0,0,K18,Koil Pengapian Rusak,Ganti koil pengapian dengan yang baru sesuai spesifikasi.,
91,5,HONDA,Scoopy FI,Injeksi,0,0,1,0,0,0,0,0,0,0,0,0,0,0,0,0,0,0,0,0,0,0,0,0,0,0,K15,Bearing Noken As Aus,Ganti bearing noken as dan periksa keausan camshaft.,
92,1,HONDA,Beat FI,Injeksi,0,0,0,0,0,0,0,0,0,0,0,0,0,0,0,0,0,0,0,0,0,0,0,1,0,0,K42,ISC / IACV Kotor,Bersihkan atau ganti ISC/IACV (Idle Speed Control).,
93,22,YAMAHA,Fino Karbu,Karburator,0,1,0,0,0,0,0,0,0,0,0,0,0,0,0,0,0,0,0,0,0,0,0,0,0,0,K02,Aki Soak / Lemah,"Cas ulang aki atau ganti aki baru, periksa kiprok/regulator.",
94,11,HONDA,Scoopy Karbu,Karburator,0,0,1,0,0,0,0,0,0,0,0,0,0,0,0,0,0,0,0,0,0,0,0,0,0,0,K15,Bearing Noken As Aus,Ganti bearing noken as dan periksa keausan camshaft.,
95,2,HONDA,Beat Street,Injeksi,1,0,0,0,0,0,0,0,0,1,1,0,0,0,0,0,0,0,0,0,0,0,0,0,0,0,K06,Injektor Kotor / Tersumbat,Bersihkan injektor dengan injector cleaner atau ganti baru.,
96,2,HONDA,Beat Street,Injeksi,0,0,0,0,0,0,0,0,1,0,1,0,0,0,0,0,0,0,0,0,0,0,0,0,0,0,K08,Sensor TPS / ECU Error,"Reset ECU, kalibrasi TPS, atau ganti sensor TPS.",
97,18,YAMAHA,Freego,Injeksi,0,0,0,0,0,0,0,0,1,0,0,0,0,0,0,0,0,0,0,0,0,0,0,0,0,0,K08,Sensor TPS / ECU Error,"Reset ECU, kalibrasi TPS, atau ganti sensor TPS.",
98,19,YAMAHA,Fino FI,Injeksi,0,0,0,0,0,0,0,0,0,0,0,0,1,0,0,0,0,0,0,0,0,0,0,0,0,0,K33,Kampas Ganda Aus,Ganti kampas ganda (clutch shoe) CVT satu set.,
99,22,YAMAHA,Fino Karbu,Karburator,1,0,0,0,0,0,0,0,0,0,0,0,0,0,0,0,0,0,0,0,0,0,0,0,0,0,K04,Karburator Kotor,"Bongkar karburator, bersihkan pilot jet dan main jet.",
100,22,YAMAHA,Fino Karbu,Karburator,0,0,0,0,0,0,0,0,0,0,0,0,0,0,0,0,0,0,0,0,0,0,0,1,0,0,K45,Setelan Angin Karburator Salah,Setel ulang setelan angin (pilot screw) karburator.,
101,6,HONDA,Genio,Injeksi,0,0,0,0,1,0,0,0,0,0,0,0,0,0,0,0,0,0,0,0,0,0,0,0,0,0,K13,Klep (Valve) Bocor,"Skir klep, ganti seal klep, dan setel celah klep.",
102,18,YAMAHA,Freego,Injeksi,1,0,0,0,0,0,0,0,0,1,0,0,0,0,0,0,0,0,0,0,0,0,0,0,0,0,K06,Injektor Kotor / Tersumbat,Bersihkan injektor dengan injector cleaner atau ganti baru.,
103,9,HONDA,Beat Karbu,Karburator,0,0,0,0,1,0,0,0,0,1,0,0,0,0,0,0,0,0,0,0,0,0,0,0,0,0,K01,Busi Bermasalah,"Ganti busi baru sesuai spesifikasi, cek gap/celah busi.",
104,9,HONDA,Beat Karbu,Karburator,0,0,0,0,1,0,0,0,0,0,0,0,0,0,0,1,0,0,0,0,0,0,0,0,0,0,K13,Klep (Valve) Bocor,"Skir klep, ganti seal klep, dan setel celah klep.",
105,11,HONDA,Scoopy Karbu,Karburator,1,0,0,0,0,0,0,0,0,1,1,0,0,0,0,0,0,0,0,0,0,0,0,0,0,0,K04,Karburator Kotor,"Bongkar karburator, bersihkan pilot jet dan main jet.",
106,2,HONDA,Beat Street,Injeksi,1,0,0,0,0,0,0,0,0,0,1,0,0,0,0,0,0,0,0,0,0,0,0,0,0,0,K06,Injektor Kotor / Tersumbat,Bersihkan injektor dengan injector cleaner atau ganti baru.,
107,18,YAMAHA,Freego,Injeksi,1,0,0,0,0,0,0,0,0,1,1,0,0,0,0,0,0,0,0,0,0,0,0,0,0,0,K06,Injektor Kotor / Tersumbat,Bersihkan injektor dengan injector cleaner atau ganti baru.,
108,7,HONDA,PCX 160,Injeksi,0,0,0,0,0,0,0,0,0,0,0,0,0,0,0,0,0,0,0,0,1,0,0,0,0,0,K35,Seal / Paking Mesin Bocor,Ganti gasket/paking head dan seal mesin yang bocor.,
109,8,HONDA,ADV 160,Injeksi,0,0,0,1,0,0,0,0,0,0,0,0,0,0,1,0,0,0,0,0,0,0,0,0,0,0,K10,Piston / Ring Piston Aus,"Korter blok silinder, ganti piston dan ring piston set.",
110,20,YAMAHA,Mio Sporty,Karburator,0,0,0,0,0,0,0,0,0,0,1,0,0,0,0,0,0,0,0,0,0,0,0,1,0,0,K45,Setelan Angin Karburator Salah,Setel ulang setelan angin (pilot screw) karburator.,
111,23,YAMAHA,Xeon Karbu,Karburator,0,0,0,0,1,0,0,0,0,1,0,0,0,0,0,0,0,0,0,0,0,0,0,0,0,0,K01,Busi Bermasalah,"Ganti busi baru sesuai spesifikasi, cek gap/celah busi.",
112,18,YAMAHA,Freego,Injeksi,0,0,0,0,0,0,0,0,0,0,0,0,1,0,0,0,0,0,0,0,0,0,0,0,0,0,K33,Kampas Ganda Aus,Ganti kampas ganda (clutch shoe) CVT satu set.,
113,21,YAMAHA,Mio Soul Karbu,Karburator,0,0,1,0,0,0,0,0,0,0,0,0,0,0,0,0,0,0,0,0,0,0,0,0,0,0,K15,Bearing Noken As Aus,Ganti bearing noken as dan periksa keausan camshaft.,
114,10,HONDA,Vario 110 Karbu,Karburator,1,0,0,0,0,0,0,0,0,1,1,0,0,0,0,0,0,0,0,0,0,0,0,0,0,0,K04,Karburator Kotor,"Bongkar karburator, bersihkan pilot jet dan main jet.",
115,15,YAMAHA,NMAX 155,Injeksi,0,0,0,0,0,0,0,0,0,0,0,0,0,0,0,0,0,0,0,0,0,0,0,0,1,0,K38,Kruk As / Bearing Besar Oblak,Ganti bearing besar kruk as (crankshaft bearing).,
116,21,YAMAHA,Mio Soul Karbu,Karburator,0,0,0,0,1,0,0,0,0,1,0,0,0,0,0,0,0,0,0,0,0,0,0,0,0,0,K01,Busi Bermasalah,"Ganti busi baru sesuai spesifikasi, cek gap/celah busi.",
117,23,YAMAHA,Xeon Karbu,Karburator,0,0,0,0,0,0,0,0,0,0,0,0,0,0,0,0,0,1,0,0,0,0,0,0,0,0,K36,Piston Macet (Seizure),"Bongkar mesin, korter ulang silinder, ganti piston baru.",
118,4,HONDA,Vario 150,Injeksi,0,0,0,1,0,0,0,0,0,0,0,0,0,0,1,0,0,0,0,0,0,0,0,0,0,0,K10,Piston / Ring Piston Aus,"Korter blok silinder, ganti piston dan ring piston set.",
119,4,HONDA,Vario 150,Injeksi,1,0,0,0,0,0,0,0,0,0,0,0,0,0,0,0,0,0,0,0,0,0,0,0,0,0,K06,Injektor Kotor / Tersumbat,Bersihkan injektor dengan injector cleaner atau ganti baru.,
120,14,YAMAHA,Soul GT FI,Injeksi,0,0,0,0,0,0,0,0,1,0,0,0,0,0,0,0,0,0,0,0,0,0,0,0,0,0,K08,Sensor TPS / ECU Error,"Reset ECU, kalibrasi TPS, atau ganti sensor TPS.",
121,23,YAMAHA,Xeon Karbu,Karburator,0,0,0,0,0,0,0,0,0,0,1,0,0,0,0,0,0,0,0,0,0,0,0,1,0,0,K45,Setelan Angin Karburator Salah,Setel ulang setelan angin (pilot screw) karburator.,
122,23,YAMAHA,Xeon Karbu,Karburator,0,0,0,0,0,0,0,0,0,0,0,0,0,0,0,1,0,0,0,0,0,0,0,0,0,0,K13,Klep (Valve) Bocor,"Skir klep, ganti seal klep, dan setel celah klep.",
123,8,HONDA,ADV 160,Injeksi,0,0,0,0,0,0,0,0,0,0,0,0,0,0,0,0,0,0,0,0,0,0,0,0,1,0,K38,Kruk As / Bearing Besar Oblak,Ganti bearing besar kruk as (crankshaft bearing).,
124,4,HONDA,Vario 150,Injeksi,1,0,0,0,0,0,0,0,0,0,0,0,0,0,0,0,0,0,0,0,0,0,0,0,0,0,K06,Injektor Kotor / Tersumbat,Bersihkan injektor dengan injector cleaner atau ganti baru.,
125,20,YAMAHA,Mio Sporty,Karburator,0,0,0,0,0,0,0,0,0,1,0,0,0,0,0,0,0,0,0,0,0,0,0,0,0,0,K01,Busi Bermasalah,"Ganti busi baru sesuai spesifikasi, cek gap/celah busi.",
126,10,HONDA,Vario 110 Karbu,Karburator,0,0,0,0,0,0,0,0,0,0,0,0,0,0,0,0,0,0,0,0,0,0,0,0,0,1,K41,CDI Rusak,Ganti CDI (Capacitor Discharge Ignition) dengan yang baru.,
127,7,HONDA,PCX 160,Injeksi,0,0,0,0,0,0,0,0,0,0,0,0,1,0,0,0,0,0,0,0,0,0,0,0,0,0,K33,Kampas Ganda Aus,Ganti kampas ganda (clutch shoe) CVT satu set.,
128,10,HONDA,Vario 110 Karbu,Karburator,0,0,0,0,0,0,0,0,0,0,1,0,0,0,0,0,0,0,0,0,0,0,0,1,0,0,K45,Setelan Angin Karburator Salah,Setel ulang setelan angin (pilot screw) karburator.,
129,5,HONDA,Scoopy FI,Injeksi,0,0,0,0,0,0,0,0,0,0,0,0,0,0,0,0,0,0,0,0,0,0,0,0,0,1,K40,ECU Rusak,"Periksa ECU dengan scanner, reset atau ganti ECU.",
130,2,HONDA,Beat Street,Injeksi,1,0,0,0,0,0,0,0,0,1,0,0,0,0,0,0,0,0,0,0,0,0,0,0,0,0,K06,Injektor Kotor / Tersumbat,Bersihkan injektor dengan injector cleaner atau ganti baru.,
131,6,HONDA,Genio,Injeksi,0,0,0,0,0,0,0,0,1,0,1,0,0,0,0,0,0,0,0,0,0,0,0,0,0,0,K08,Sensor TPS / ECU Error,"Reset ECU, kalibrasi TPS, atau ganti sensor TPS.",
132,12,YAMAHA,Mio M3,Injeksi,0,0,0,0,0,0,0,0,0,0,0,0,1,0,0,0,0,0,0,0,0,0,0,0,0,0,K33,Kampas Ganda Aus,Ganti kampas ganda (clutch shoe) CVT satu set.,
133,14,YAMAHA,Soul GT FI,Injeksi,1,0,0,0,0,0,0,0,0,0,1,0,0,0,0,0,0,0,0,0,0,0,0,0,0,0,K06,Injektor Kotor / Tersumbat,Bersihkan injektor dengan injector cleaner atau ganti baru.,
134,22,YAMAHA,Fino Karbu,Karburator,0,0,0,0,0,0,0,0,0,0,0,0,0,0,1,0,0,0,0,0,1,0,0,0,0,0,K35,Seal / Paking Mesin Bocor,Ganti gasket/paking head dan seal mesin yang bocor.,
135,22,YAMAHA,Fino Karbu,Karburator,0,0,0,0,0,0,0,0,0,0,0,0,0,0,0,0,0,0,0,1,0,0,0,0,0,0,K36,Piston Macet (Seizure),"Bongkar mesin, korter ulang silinder, ganti piston baru.",
136,22,YAMAHA,Fino Karbu,Karburator,0,1,0,0,0,0,0,0,0,0,0,0,0,0,0,0,0,0,0,0,0,0,0,0,0,0,K02,Aki Soak / Lemah,"Cas ulang aki atau ganti aki baru, periksa kiprok/regulator.",
137,20,YAMAHA,Mio Sporty,Karburator,0,0,0,0,0,0,0,0,0,0,0,0,0,0,0,0,0,0,0,1,0,1,0,0,0,0,K30,Pompa Oli Mesin Lemah,Ganti pompa oli mesin dan periksa saluran oli.,
138,18,YAMAHA,Freego,Injeksi,1,0,0,0,0,0,0,0,0,1,1,0,0,0,0,0,0,0,0,0,0,0,0,0,0,0,K06,Injektor Kotor / Tersumbat,Bersihkan injektor dengan injector cleaner atau ganti baru.,
139,11,HONDA,Scoopy Karbu,Karburator,0,0,0,0,0,0,0,0,0,0,0,0,0,0,0,0,0,0,0,0,0,0,0,0,0,1,K41,CDI Rusak,Ganti CDI (Capacitor Discharge Ignition) dengan yang baru.,
140,2,HONDA,Beat Street,Injeksi,0,0,0,0,0,0,0,0,0,0,0,0,0,0,1,0,0,0,0,0,1,0,0,0,0,0,K35,Seal / Paking Mesin Bocor,Ganti gasket/paking head dan seal mesin yang bocor.,
141,21,YAMAHA,Mio Soul Karbu,Karburator,0,0,1,0,0,0,0,0,0,0,0,0,0,0,0,0,0,0,0,0,0,0,0,0,0,0,K15,Bearing Noken As Aus,Ganti bearing noken as dan periksa keausan camshaft.,
142,11,HONDA,Scoopy Karbu,Karburator,0,0,0,0,0,0,0,0,0,0,0,0,0,0,0,0,1,0,0,0,0,0,0,0,0,0,K18,Koil Pengapian Rusak,Ganti koil pengapian dengan yang baru sesuai spesifikasi.,
143,2,HONDA,Beat Street,Injeksi,0,0,0,0,0,0,0,0,1,0,0,0,0,0,0,0,0,0,0,0,0,0,0,0,0,1,K40,ECU Rusak,"Periksa ECU dengan scanner, reset atau ganti ECU.",
144,2,HONDA,Beat Street,Injeksi,0,0,0,0,0,0,0,0,0,0,0,0,0,0,0,0,0,1,0,0,0,0,0,0,0,0,K36,Piston Macet (Seizure),"Bongkar mesin, korter ulang silinder, ganti piston baru.",
145,21,YAMAHA,Mio Soul Karbu,Karburator,0,1,0,0,0,0,0,0,0,0,0,0,0,0,0,0,0,0,0,0,0,0,0,0,0,0,K02,Aki Soak / Lemah,"Cas ulang aki atau ganti aki baru, periksa kiprok/regulator.",
146,20,YAMAHA,Mio Sporty,Karburator,0,0,0,0,0,0,0,1,0,0,0,0,0,0,0,0,0,0,0,0,0,0,0,0,0,0,K16,Rantai Keteng Kendur,Ganti tensioner dan rantai keteng (timing chain).,
147,2,HONDA,Beat Street,Injeksi,0,0,0,0,1,0,0,0,0,0,0,0,0,0,0,1,0,0,0,0,0,0,0,0,0,0,K13,Klep (Valve) Bocor,"Skir klep, ganti seal klep, dan setel celah klep.",
148,4,HONDA,Vario 150,Injeksi,1,0,0,0,0,0,0,0,0,1,0,0,0,0,0,0,0,0,0,0,0,0,0,0,0,0,K06,Injektor Kotor / Tersumbat,Bersihkan injektor dengan injector cleaner atau ganti baru.,
149,8,HONDA,ADV 160,Injeksi,0,0,0,1,1,0,0,0,0,0,0,0,0,0,0,0,0,0,0,0,0,0,0,0,0,0,K10,Piston / Ring Piston Aus,"Korter blok silinder, ganti piston dan ring piston set.",
150,19,YAMAHA,Fino FI,Injeksi,0,0,0,0,0,0,0,0,0,0,0,0,0,0,0,0,0,0,0,0,0,0,0,0,1,0,K38,Kruk As / Bearing Besar Oblak,Ganti bearing besar kruk as (crankshaft bearing).,
151,23,YAMAHA,Xeon Karbu,Karburator,0,1,0,0,0,0,0,0,0,0,0,0,0,0,0,0,0,0,0,0,0,0,0,0,0,0,K02,Aki Soak / Lemah,"Cas ulang aki atau ganti aki baru, periksa kiprok/regulator.",
152,10,HONDA,Vario 110 Karbu,Karburator,1,0,0,0,0,0,0,0,0,0,0,0,0,0,0,0,0,0,0,0,0,0,0,0,0,0,K04,Karburator Kotor,"Bongkar karburator, bersihkan pilot jet dan main jet.",
153,23,YAMAHA,Xeon Karbu,Karburator,0,0,0,0,0,0,0,0,0,1,1,0,0,0,0,0,0,0,0,0,0,0,0,0,0,0,K01,Busi Bermasalah,"Ganti busi baru sesuai spesifikasi, cek gap/celah busi.",
154,4,HONDA,Vario 150,Injeksi,0,0,1,0,0,0,0,0,0,0,0,0,0,0,0,0,0,0,0,0,0,0,0,0,1,0,K15,Bearing Noken As Aus,Ganti bearing noken as dan periksa keausan camshaft.,
155,10,HONDA,Vario 110 Karbu,Karburator,0,0,0,0,0,0,0,0,0,0,1,0,0,0,0,0,0,0,0,0,0,0,0,1,0,0,K45,Setelan Angin Karburator Salah,Setel ulang setelan angin (pilot screw) karburator.,
156,23,YAMAHA,Xeon Karbu,Karburator,0,1,0,0,0,0,0,0,0,0,0,0,0,0,0,0,0,0,0,0,0,0,0,0,0,0,K02,Aki Soak / Lemah,"Cas ulang aki atau ganti aki baru, periksa kiprok/regulator.",
157,4,HONDA,Vario 150,Injeksi,0,0,0,0,0,0,0,0,0,1,0,0,0,0,0,0,0,0,0,0,0,0,0,0,0,0,K06,Injektor Kotor / Tersumbat,Bersihkan injektor dengan injector cleaner atau ganti baru.,
158,21,YAMAHA,Mio Soul Karbu,Karburator,0,1,0,0,0,0,0,0,0,0,0,0,0,0,0,0,0,0,0,0,0,0,0,0,0,0,K02,Aki Soak / Lemah,"Cas ulang aki atau ganti aki baru, periksa kiprok/regulator.",
159,14,YAMAHA,Soul GT FI,Injeksi,1,0,0,0,0,0,0,0,0,0,1,0,0,0,0,0,0,0,0,0,0,0,0,0,0,0,K06,Injektor Kotor / Tersumbat,Bersihkan injektor dengan injector cleaner atau ganti baru.,
160,3,HONDA,Vario 125,Injeksi,0,0,0,0,0,0,0,0,0,0,0,1,0,0,0,0,0,0,0,0,0,0,0,0,0,0,K31,V-Belt CVT Retak / Putus,Ganti V-Belt CVT dengan ukuran standar.,
161,22,YAMAHA,Fino Karbu,Karburator,1,0,0,0,0,0,0,0,0,0,1,0,0,0,0,0,0,0,0,0,0,0,0,0,0,0,K04,Karburator Kotor,"Bongkar karburator, bersihkan pilot jet dan main jet.",
162,1,HONDA,Beat FI,Injeksi,0,0,0,0,0,0,0,0,0,0,0,0,0,0,0,0,0,0,0,0,0,0,1,0,0,0,K37,Per CVT Lemah / Patah,Ganti per CVT (center spring) dengan yang baru.,
163,11,HONDA,Scoopy Karbu,Karburator,0,1,0,0,0,0,0,0,0,0,0,0,0,0,0,0,0,0,0,0,0,0,0,0,0,0,K02,Aki Soak / Lemah,"Cas ulang aki atau ganti aki baru, periksa kiprok/regulator.",
164,10,HONDA,Vario 110 Karbu,Karburator,0,0,0,0,0,0,0,0,0,0,0,0,0,0,0,0,0,0,0,1,0,1,0,0,0,0,K30,Pompa Oli Mesin Lemah,Ganti pompa oli mesin dan periksa saluran oli.,
165,12,YAMAHA,Mio M3,Injeksi,0,0,0,0,0,0,0,0,0,0,0,1,0,0,0,0,0,0,0,0,0,0,0,0,0,0,K31,V-Belt CVT Retak / Putus,Ganti V-Belt CVT dengan ukuran standar.,
166,14,YAMAHA,Soul GT FI,Injeksi,0,0,0,0,0,1,0,0,0,0,0,0,0,1,0,0,0,0,0,0,0,0,0,0,0,0,K03,Overheat (Radiator Tersumbat),"Flush radiator, ganti coolant, periksa water pump.",
167,3,HONDA,Vario 125,Injeksi,0,0,0,0,0,0,0,0,0,0,0,0,0,0,0,0,0,1,0,0,0,0,0,0,0,0,K36,Piston Macet (Seizure),"Bongkar mesin, korter ulang silinder, ganti piston baru.",
168,14,YAMAHA,Soul GT FI,Injeksi,0,0,0,1,1,0,0,0,0,0,0,0,0,0,1,0,0,0,0,0,0,0,0,0,0,0,K10,Piston / Ring Piston Aus,"Korter blok silinder, ganti piston dan ring piston set.",
169,20,YAMAHA,Mio Sporty,Karburator,0,0,1,0,0,0,0,0,0,0,0,0,0,0,0,0,0,0,0,0,0,0,0,0,0,0,K15,Bearing Noken As Aus,Ganti bearing noken as dan periksa keausan camshaft.,
170,4,HONDA,Vario 150,Injeksi,0,0,0,0,0,0,0,0,1,0,1,0,0,0,0,0,0,0,0,0,0,0,0,0,0,0,K08,Sensor TPS / ECU Error,"Reset ECU, kalibrasi TPS, atau ganti sensor TPS.",
171,3,HONDA,Vario 125,Injeksi,0,0,0,0,0,0,0,0,0,0,0,0,0,0,0,0,0,0,0,0,0,0,0,1,0,0,K42,ISC / IACV Kotor,Bersihkan atau ganti ISC/IACV (Idle Speed Control).,
172,9,HONDA,Beat Karbu,Karburator,0,1,0,0,0,0,0,0,0,0,0,0,0,0,0,0,0,0,0,0,0,0,0,0,0,0,K02,Aki Soak / Lemah,"Cas ulang aki atau ganti aki baru, periksa kiprok/regulator.",
173,23,YAMAHA,Xeon Karbu,Karburator,1,0,0,0,0,0,0,0,0,1,1,0,0,0,0,0,0,0,0,0,0,0,0,0,0,0,K04,Karburator Kotor,"Bongkar karburator, bersihkan pilot jet dan main jet.",
174,12,YAMAHA,Mio M3,Injeksi,0,0,0,0,0,1,0,0,0,0,0,0,0,0,0,0,0,0,0,0,0,0,0,0,0,0,K03,Overheat (Radiator Tersumbat),"Flush radiator, ganti coolant, periksa water pump.",
175,9,HONDA,Beat Karbu,Karburator,0,0,0,0,1,0,0,0,0,0,0,0,0,0,0,1,0,0,0,0,0,0,0,0,0,0,K13,Klep (Valve) Bocor,"Skir klep, ganti seal klep, dan setel celah klep.",
176,13,YAMAHA,Mio S,Injeksi,0,0,0,0,0,0,0,0,0,0,0,0,0,0,1,0,0,0,0,0,0,0,0,0,0,0,K10,Piston / Ring Piston Aus,"Korter blok silinder, ganti piston dan ring piston set.",
177,5,HONDA,Scoopy FI,Injeksi,0,0,0,0,0,0,0,0,0,0,0,0,0,0,0,0,0,0,0,0,0,0,0,1,0,0,K42,ISC / IACV Kotor,Bersihkan atau ganti ISC/IACV (Idle Speed Control).,
178,1,HONDA,Beat FI,Injeksi,0,0,1,0,0,0,0,0,0,0,0,0,0,0,0,0,0,0,0,0,0,0,0,0,1,0,K15,Bearing Noken As Aus,Ganti bearing noken as dan periksa keausan camshaft.,
179,11,HONDA,Scoopy Karbu,Karburator,0,0,0,0,0,0,0,0,0,0,0,0,0,0,0,0,0,0,0,1,0,1,0,0,0,0,K30,Pompa Oli Mesin Lemah,Ganti pompa oli mesin dan periksa saluran oli.,
180,15,YAMAHA,NMAX 155,Injeksi,0,0,0,0,0,0,0,0,0,0,0,1,0,0,0,0,0,0,0,0,0,0,0,0,0,0,K31,V-Belt CVT Retak / Putus,Ganti V-Belt CVT dengan ukuran standar.,
181,17,YAMAHA,Lexi,Injeksi,0,0,0,0,0,0,0,0,0,0,0,0,0,0,0,0,0,0,0,0,0,0,0,0,0,1,K40,ECU Rusak,"Periksa ECU dengan scanner, reset atau ganti ECU.",
182,1,HONDA,Beat FI,Injeksi,0,0,0,0,0,0,0,0,0,0,0,0,0,0,0,0,0,0,1,0,0,0,0,1,0,0,K20,Throttle Body Kotor,Bersihkan throttle body dan ISC/IACV dengan carb cleaner.,
183,21,YAMAHA,Mio Soul Karbu,Karburator,1,0,0,0,0,0,0,0,0,1,0,0,0,0,0,0,0,0,0,0,0,0,0,0,0,0,K04,Karburator Kotor,"Bongkar karburator, bersihkan pilot jet dan main jet.",
184,11,HONDA,Scoopy Karbu,Karburator,0,0,0,0,0,0,0,0,0,0,1,0,0,0,0,0,0,0,0,0,0,0,0,1,0,0,K45,Setelan Angin Karburator Salah,Setel ulang setelan angin (pilot screw) karburator.,
185,17,YAMAHA,Lexi,Injeksi,0,0,0,0,0,0,0,0,1,0,0,0,0,0,0,0,0,0,0,0,0,0,0,0,0,0,K08,Sensor TPS / ECU Error,"Reset ECU, kalibrasi TPS, atau ganti sensor TPS.",
186,7,HONDA,PCX 160,Injeksi,0,0,0,0,0,0,0,0,0,0,0,0,0,0,0,0,0,0,0,1,0,0,0,0,0,0,K36,Piston Macet (Seizure),"Bongkar mesin, korter ulang silinder, ganti piston baru.",
187,17,YAMAHA,Lexi,Injeksi,0,0,0,0,0,0,0,0,0,0,0,0,0,0,0,0,0,1,0,1,0,0,0,0,0,0,K36,Piston Macet (Seizure),"Bongkar mesin, korter ulang silinder, ganti piston baru.",
188,9,HONDA,Beat Karbu,Karburator,0,0,0,0,0,1,0,0,0,0,0,0,0,0,0,0,0,0,0,0,0,0,0,0,0,0,K03,Overheat (Radiator Tersumbat),"Flush radiator, ganti coolant, periksa water pump.",
189,1,HONDA,Beat FI,Injeksi,0,0,0,1,1,0,0,0,0,0,0,0,0,0,1,0,0,0,0,0,0,0,0,0,0,0,K10,Piston / Ring Piston Aus,"Korter blok silinder, ganti piston dan ring piston set.",
190,20,YAMAHA,Mio Sporty,Karburator,0,0,0,0,0,0,0,0,0,0,0,0,0,0,0,0,0,0,0,0,0,0,0,1,0,0,K45,Setelan Angin Karburator Salah,Setel ulang setelan angin (pilot screw) karburator.,
191,23,YAMAHA,Xeon Karbu,Karburator,0,0,0,1,0,0,0,0,0,0,0,0,0,0,1,0,0,0,0,0,0,0,0,0,0,0,K10,Piston / Ring Piston Aus,"Korter blok silinder, ganti piston dan ring piston set.",
192,23,YAMAHA,Xeon Karbu,Karburator,0,0,0,0,0,0,0,0,0,0,0,0,0,0,0,0,0,0,0,0,0,0,1,0,0,0,K37,Per CVT Lemah / Patah,Ganti per CVT (center spring) dengan yang baru.,
193,15,YAMAHA,NMAX 155,Injeksi,0,0,0,0,0,1,0,0,0,0,0,0,0,1,0,0,0,0,0,0,0,0,0,0,0,0,K03,Overheat (Radiator Tersumbat),"Flush radiator, ganti coolant, periksa water pump.",
194,9,HONDA,Beat Karbu,Karburator,0,1,0,0,0,0,0,0,0,0,0,0,0,0,0,0,0,0,0,0,0,0,0,0,0,0,K02,Aki Soak / Lemah,"Cas ulang aki atau ganti aki baru, periksa kiprok/regulator.",
195,9,HONDA,Beat Karbu,Karburator,0,0,0,0,0,0,0,0,0,0,0,0,0,0,0,0,0,0,0,1,0,0,0,0,1,0,K38,Kruk As / Bearing Besar Oblak,Ganti bearing besar kruk as (crankshaft bearing).,
196,19,YAMAHA,Fino FI,Injeksi,0,0,0,0,0,0,0,0,0,0,0,0,0,0,0,0,0,0,0,1,0,1,0,0,0,0,K30,Pompa Oli Mesin Lemah,Ganti pompa oli mesin dan periksa saluran oli.,
197,12,YAMAHA,Mio M3,Injeksi,0,0,0,0,0,0,0,0,0,1,0,0,0,0,0,0,0,0,0,0,0,0,0,0,0,0,K06,Injektor Kotor / Tersumbat,Bersihkan injektor dengan injector cleaner atau ganti baru.,
198,15,YAMAHA,NMAX 155,Injeksi,1,0,0,0,0,0,0,0,0,1,1,0,0,0,0,0,0,0,0,0,0,0,0,0,0,0,K06,Injektor Kotor / Tersumbat,Bersihkan injektor dengan injector cleaner atau ganti baru.,
199,21,YAMAHA,Mio Soul Karbu,Karburator,0,0,0,0,1,0,0,0,0,1,1,0,0,0,0,0,0,0,0,0,0,0,0,0,0,0,K01,Busi Bermasalah,"Ganti busi baru sesuai spesifikasi, cek gap/celah busi.",
200,5,HONDA,Scoopy FI,Injeksi,0,0,0,0,0,0,0,0,0,1,0,0,0,0,0,0,0,0,0,0,0,0,0,0,0,0,K06,Injektor Kotor / Tersumbat,Bersihkan injektor dengan injector cleaner atau ganti baru.,
201,14,YAMAHA,Soul GT FI,Injeksi,0,0,0,0,0,0,0,1,0,0,0,0,0,0,0,0,0,0,0,0,0,0,0,0,0,0,K16,Rantai Keteng Kendur,Ganti tensioner dan rantai keteng (timing chain).,
202,11,HONDA,Scoopy Karbu,Karburator,0,1,0,0,0,0,0,0,0,0,0,0,0,0,0,0,0,0,0,0,0,0,0,0,0,0,K02,Aki Soak / Lemah,"Cas ulang aki atau ganti aki baru, periksa kiprok/regulator.",
203,20,YAMAHA,Mio Sporty,Karburator,0,0,0,0,0,0,0,0,0,0,0,0,0,0,0,0,0,0,0,0,0,1,0,0,0,0,K30,Pompa Oli Mesin Lemah,Ganti pompa oli mesin dan periksa saluran oli.,
204,13,YAMAHA,Mio S,Injeksi,0,0,0,1,0,0,0,0,0,0,0,0,0,0,1,0,0,0,0,0,0,0,0,0,0,0,K10,Piston / Ring Piston Aus,"Korter blok silinder, ganti piston dan ring piston set.",
205,1,HONDA,Beat FI,Injeksi,1,0,0,0,0,0,0,0,0,0,0,0,0,0,0,0,0,0,0,0,0,0,0,0,0,0,K06,Injektor Kotor / Tersumbat,Bersihkan injektor dengan injector cleaner atau ganti baru.,
206,4,HONDA,Vario 150,Injeksi,0,0,0,0,0,0,0,0,1,0,0,0,0,0,0,0,0,0,0,0,0,0,0,0,0,0,K08,Sensor TPS / ECU Error,"Reset ECU, kalibrasi TPS, atau ganti sensor TPS.",
207,8,HONDA,ADV 160,Injeksi,0,0,0,0,1,0,0,0,0,0,0,0,0,0,0,0,0,0,0,0,0,0,0,0,0,0,K13,Klep (Valve) Bocor,"Skir klep, ganti seal klep, dan setel celah klep.",
208,4,HONDA,Vario 150,Injeksi,0,0,0,0,0,0,0,0,0,0,0,0,0,0,0,0,0,0,0,0,0,0,0,1,0,0,K42,ISC / IACV Kotor,Bersihkan atau ganti ISC/IACV (Idle Speed Control).,
209,10,HONDA,Vario 110 Karbu,Karburator,0,0,0,0,0,0,0,0,0,0,1,0,0,0,0,0,0,0,0,0,0,0,0,1,0,0,K45,Setelan Angin Karburator Salah,Setel ulang setelan angin (pilot screw) karburator.,
210,19,YAMAHA,Fino FI,Injeksi,0,0,0,0,1,0,0,0,0,0,0,0,0,0,0,0,0,0,0,0,0,0,0,0,0,0,K13,Klep (Valve) Bocor,"Skir klep, ganti seal klep, dan setel celah klep.",
211,23,YAMAHA,Xeon Karbu,Karburator,0,0,0,0,0,0,0,0,0,0,1,0,0,0,0,0,0,0,0,0,0,0,0,0,0,0,K18,Koil Pengapian Rusak,Ganti koil pengapian dengan yang baru sesuai spesifikasi.,
212,21,YAMAHA,Mio Soul Karbu,Karburator,1,0,0,0,0,0,0,0,0,1,1,0,0,0,0,0,0,0,0,0,0,0,0,0,0,0,K04,Karburator Kotor,"Bongkar karburator, bersihkan pilot jet dan main jet.",
213,18,YAMAHA,Freego,Injeksi,1,0,0,0,0,0,0,0,0,1,0,0,0,0,0,0,0,0,0,0,0,0,0,0,0,0,K06,Injektor Kotor / Tersumbat,Bersihkan injektor dengan injector cleaner atau ganti baru.,
214,8,HONDA,ADV 160,Injeksi,0,0,1,0,0,0,0,0,0,0,0,0,0,0,0,0,0,0,0,0,0,0,0,0,0,0,K15,Bearing Noken As Aus,Ganti bearing noken as dan periksa keausan camshaft.,
215,7,HONDA,PCX 160,Injeksi,0,0,0,0,0,0,0,0,0,0,0,0,0,0,0,0,0,0,0,0,0,0,0,1,0,0,K42,ISC / IACV Kotor,Bersihkan atau ganti ISC/IACV (Idle Speed Control).,
216,4,HONDA,Vario 150,Injeksi,1,0,0,0,0,0,0,0,0,1,0,0,0,0,0,0,0,0,0,0,0,0,0,0,0,0,K06,Injektor Kotor / Tersumbat,Bersihkan injektor dengan injector cleaner atau ganti baru.,
217,5,HONDA,Scoopy FI,Injeksi,1,0,0,0,0,0,0,0,0,0,0,0,0,0,0,0,0,0,0,0,0,0,0,0,0,0,K06,Injektor Kotor / Tersumbat,Bersihkan injektor dengan injector cleaner atau ganti baru.,
218,21,YAMAHA,Mio Soul Karbu,Karburator,0,0,0,0,0,0,0,0,0,0,0,0,0,0,0,0,0,0,0,0,0,1,0,0,0,0,K30,Pompa Oli Mesin Lemah,Ganti pompa oli mesin dan periksa saluran oli.,
219,22,YAMAHA,Fino Karbu,Karburator,0,0,0,0,0,0,0,0,0,0,0,0,0,0,0,0,0,1,0,1,0,0,0,0,0,0,K36,Piston Macet (Seizure),"Bongkar mesin, korter ulang silinder, ganti piston baru.",
220,18,YAMAHA,Freego,Injeksi,1,0,0,0,0,0,0,0,0,0,1,0,0,0,0,0,0,0,0,0,0,0,0,0,0,0,K06,Injektor Kotor / Tersumbat,Bersihkan injektor dengan injector cleaner atau ganti baru.,
221,8,HONDA,ADV 160,Injeksi,0,0,1,0,0,0,0,0,0,0,0,0,0,0,0,0,0,0,0,0,0,0,0,0,1,0,K15,Bearing Noken As Aus,Ganti bearing noken as dan periksa keausan camshaft.,
222,10,HONDA,Vario 110 Karbu,Karburator,0,0,0,0,0,0,0,0,0,0,0,0,0,0,0,0,0,0,0,0,0,0,0,1,0,0,K45,Setelan Angin Karburator Salah,Setel ulang setelan angin (pilot screw) karburator.,
223,13,YAMAHA,Mio S,Injeksi,0,0,0,0,0,0,0,0,1,0,0,0,0,0,0,0,0,0,0,0,0,0,0,0,0,1,K40,ECU Rusak,"Periksa ECU dengan scanner, reset atau ganti ECU.",
224,2,HONDA,Beat Street,Injeksi,0,0,0,1,1,0,0,0,0,0,0,0,0,0,0,0,0,0,0,0,0,0,0,0,0,0,K10,Piston / Ring Piston Aus,"Korter blok silinder, ganti piston dan ring piston set.",
225,21,YAMAHA,Mio Soul Karbu,Karburator,0,0,0,0,0,0,0,0,0,0,0,0,0,0,0,0,0,0,0,0,0,0,0,0,0,1,K41,CDI Rusak,Ganti CDI (Capacitor Discharge Ignition) dengan yang baru.,
226,12,YAMAHA,Mio M3,Injeksi,0,0,0,0,0,0,0,0,0,0,0,1,0,0,0,0,0,0,0,0,0,0,0,0,0,0,K31,V-Belt CVT Retak / Putus,Ganti V-Belt CVT dengan ukuran standar.,
227,15,YAMAHA,NMAX 155,Injeksi,0,1,0,0,0,0,0,0,0,0,0,0,0,0,0,0,0,0,0,0,0,0,0,0,0,0,K05,Fuel Pump Lemah,"Periksa tekanan fuel pump, ganti rotak atau assy.",
228,21,YAMAHA,Mio Soul Karbu,Karburator,0,0,0,0,0,0,0,0,0,0,0,0,0,0,0,0,0,0,0,0,0,0,0,1,0,0,K45,Setelan Angin Karburator Salah,Setel ulang setelan angin (pilot screw) karburator.,
229,11,HONDA,Scoopy Karbu,Karburator,0,0,0,0,0,0,0,1,0,0,0,0,0,0,0,0,0,0,0,0,0,0,0,0,0,0,K16,Rantai Keteng Kendur,Ganti tensioner dan rantai keteng (timing chain).,
230,14,YAMAHA,Soul GT FI,Injeksi,1,0,0,0,0,0,0,0,0,1,0,0,0,0,0,0,0,0,0,0,0,0,0,0,0,0,K06,Injektor Kotor / Tersumbat,Bersihkan injektor dengan injector cleaner atau ganti baru.,
231,10,HONDA,Vario 110 Karbu,Karburator,0,0,0,0,0,0,0,0,0,0,0,0,0,0,0,0,0,0,0,0,0,1,0,0,0,0,K30,Pompa Oli Mesin Lemah,Ganti pompa oli mesin dan periksa saluran oli.,
232,10,HONDA,Vario 110 Karbu,Karburator,0,1,0,0,0,0,0,0,0,0,0,0,0,0,0,0,0,0,0,0,0,0,0,0,0,0,K02,Aki Soak / Lemah,"Cas ulang aki atau ganti aki baru, periksa kiprok/regulator.",
233,2,HONDA,Beat Street,Injeksi,1,0,0,0,0,0,0,0,0,0,0,0,0,0,0,0,0,0,0,0,0,0,0,0,0,0,K06,Injektor Kotor / Tersumbat,Bersihkan injektor dengan injector cleaner atau ganti baru.,
234,11,HONDA,Scoopy Karbu,Karburator,0,0,1,0,0,0,0,0,0,0,0,0,0,0,0,0,0,0,0,0,0,0,0,0,0,0,K15,Bearing Noken As Aus,Ganti bearing noken as dan periksa keausan camshaft.,
235,2,HONDA,Beat Street,Injeksi,0,0,0,0,0,0,0,0,0,0,0,0,1,0,0,0,0,0,0,0,0,0,0,0,0,0,K33,Kampas Ganda Aus,Ganti kampas ganda (clutch shoe) CVT satu set.,
236,11,HONDA,Scoopy Karbu,Karburator,0,0,0,0,0,0,0,0,0,0,0,0,0,0,0,0,0,0,0,0,0,0,0,0,0,1,K41,CDI Rusak,Ganti CDI (Capacitor Discharge Ignition) dengan yang baru.,
237,2,HONDA,Beat Street,Injeksi,0,0,0,0,0,1,0,0,0,0,0,0,0,1,0,0,0,0,0,0,0,0,0,0,0,0,K03,Overheat (Radiator Tersumbat),"Flush radiator, ganti coolant, periksa water pump.",
238,14,YAMAHA,Soul GT FI,Injeksi,0,0,0,0,0,0,0,0,0,0,0,0,0,0,0,0,0,0,0,0,0,0,0,0,0,1,K40,ECU Rusak,"Periksa ECU dengan scanner, reset atau ganti ECU.",
239,5,HONDA,Scoopy FI,Injeksi,0,0,0,0,0,0,0,0,0,0,0,0,0,0,0,0,0,0,0,1,0,0,0,0,0,0,K36,Piston Macet (Seizure),"Bongkar mesin, korter ulang silinder, ganti piston baru.",
240,15,YAMAHA,NMAX 155,Injeksi,0,0,0,0,0,0,0,0,0,0,0,1,0,0,0,0,0,0,0,0,0,0,0,0,0,0,K31,V-Belt CVT Retak / Putus,Ganti V-Belt CVT dengan ukuran standar.,
241,22,YAMAHA,Fino Karbu,Karburator,1,0,0,0,0,0,0,0,0,1,1,0,0,0,0,0,0,0,0,0,0,0,0,0,0,0,K04,Karburator Kotor,"Bongkar karburator, bersihkan pilot jet dan main jet.",
242,3,HONDA,Vario 125,Injeksi,0,0,0,0,0,0,0,0,1,0,0,0,0,0,0,0,0,0,0,0,0,0,0,0,0,1,K40,ECU Rusak,"Periksa ECU dengan scanner, reset atau ganti ECU.",
243,8,HONDA,ADV 160,Injeksi,0,0,0,0,0,0,0,0,1,0,0,0,0,0,0,0,0,0,0,0,0,0,0,0,0,1,K40,ECU Rusak,"Periksa ECU dengan scanner, reset atau ganti ECU.",
244,15,YAMAHA,NMAX 155,Injeksi,0,0,1,0,0,0,0,0,0,0,0,0,0,0,0,0,0,0,0,0,0,0,0,0,1,0,K15,Bearing Noken As Aus,Ganti bearing noken as dan periksa keausan camshaft.,
245,4,HONDA,Vario 150,Injeksi,0,0,0,1,0,0,0,0,0,0,0,0,0,0,1,0,0,0,0,0,0,0,0,0,0,0,K10,Piston / Ring Piston Aus,"Korter blok silinder, ganti piston dan ring piston set.",
246,9,HONDA,Beat Karbu,Karburator,0,0,0,0,0,0,1,0,0,0,0,0,1,0,0,0,0,0,0,0,0,0,0,0,0,0,K09,Roller CVT Aus,Ganti roller CVT satu set sesuai berat standar.,
247,18,YAMAHA,Freego,Injeksi,0,0,0,0,1,0,0,0,0,0,0,0,0,0,0,0,0,0,0,0,0,0,0,0,0,0,K13,Klep (Valve) Bocor,"Skir klep, ganti seal klep, dan setel celah klep.",
248,10,HONDA,Vario 110 Karbu,Karburator,0,0,0,0,0,0,1,0,0,0,0,0,0,0,0,0,0,0,0,0,0,0,0,0,0,0,K09,Roller CVT Aus,Ganti roller CVT satu set sesuai berat standar.,
249,20,YAMAHA,Mio Sporty,Karburator,0,0,0,0,0,0,1,0,0,0,0,0,0,0,0,0,0,0,0,0,0,0,0,0,0,0,K09,Roller CVT Aus,Ganti roller CVT satu set sesuai berat standar.,
250,21,YAMAHA,Mio Soul Karbu,Karburator,0,0,0,0,0,0,0,0,0,0,0,0,0,0,0,0,0,0,1,0,0,0,0,0,0,0,K44,Kabel Gas Aus / Macet,Lumasi atau ganti kabel gas (throttle cable).,
251,7,HONDA,PCX 160,Injeksi,0,0,1,0,0,0,0,0,0,0,0,0,0,0,0,0,0,0,0,0,0,0,0,0,1,0,K15,Bearing Noken As Aus,Ganti bearing noken as dan periksa keausan camshaft.,
252,7,HONDA,PCX 160,Injeksi,0,0,0,0,0,0,0,0,0,0,1,0,0,0,0,0,1,0,0,0,0,0,0,0,0,0,K18,Koil Pengapian Rusak,Ganti koil pengapian dengan yang baru sesuai spesifikasi.,
253,20,YAMAHA,Mio Sporty,Karburator,0,0,0,0,0,1,0,0,0,0,0,0,0,0,0,0,0,0,0,0,0,0,0,0,0,0,K03,Overheat (Radiator Tersumbat),"Flush radiator, ganti coolant, periksa water pump.",
254,22,YAMAHA,Fino Karbu,Karburator,0,0,0,0,0,0,0,0,0,0,0,0,0,0,0,0,0,1,0,1,0,0,0,0,0,0,K36,Piston Macet (Seizure),"Bongkar mesin, korter ulang silinder, ganti piston baru.",
255,17,YAMAHA,Lexi,Injeksi,0,1,0,0,0,0,0,0,0,0,0,0,0,0,0,0,0,0,0,0,0,0,0,0,0,0,K05,Fuel Pump Lemah,"Periksa tekanan fuel pump, ganti rotak atau assy.",
256,19,YAMAHA,Fino FI,Injeksi,0,0,0,0,0,0,1,0,0,0,0,0,0,0,0,0,0,0,0,0,0,0,0,0,0,0,K09,Roller CVT Aus,Ganti roller CVT satu set sesuai berat standar.,
257,17,YAMAHA,Lexi,Injeksi,0,0,0,0,0,0,0,0,0,0,0,0,0,0,1,0,0,0,0,0,1,0,0,0,0,0,K35,Seal / Paking Mesin Bocor,Ganti gasket/paking head dan seal mesin yang bocor.,
258,14,YAMAHA,Soul GT FI,Injeksi,0,0,0,0,0,0,0,0,0,0,0,0,0,0,0,0,0,1,0,1,0,0,0,0,0,0,K36,Piston Macet (Seizure),"Bongkar mesin, korter ulang silinder, ganti piston baru.",
259,9,HONDA,Beat Karbu,Karburator,0,0,0,0,0,0,0,0,0,0,0,0,1,0,0,0,0,0,0,0,0,0,0,0,0,0,K33,Kampas Ganda Aus,Ganti kampas ganda (clutch shoe) CVT satu set.,
260,23,YAMAHA,Xeon Karbu,Karburator,0,1,0,0,0,0,0,0,0,0,0,0,0,0,0,0,0,0,0,0,0,0,0,0,0,0,K02,Aki Soak / Lemah,"Cas ulang aki atau ganti aki baru, periksa kiprok/regulator.",
261,12,YAMAHA,Mio M3,Injeksi,0,0,0,0,0,0,0,0,0,0,0,0,0,0,0,0,0,0,0,1,0,0,0,0,1,0,K38,Kruk As / Bearing Besar Oblak,Ganti bearing besar kruk as (crankshaft bearing).,
262,5,HONDA,Scoopy FI,Injeksi,0,0,0,0,0,0,0,0,0,0,0,0,0,0,0,0,0,0,0,0,0,0,0,0,0,1,K40,ECU Rusak,"Periksa ECU dengan scanner, reset atau ganti ECU.",
263,17,YAMAHA,Lexi,Injeksi,0,0,0,0,0,0,0,0,0,0,0,0,1,0,0,0,0,0,0,0,0,0,0,0,0,0,K33,Kampas Ganda Aus,Ganti kampas ganda (clutch shoe) CVT satu set.,
264,12,YAMAHA,Mio M3,Injeksi,0,0,0,0,0,0,0,0,0,0,1,0,0,0,0,0,1,0,0,0,0,0,0,0,0,0,K18,Koil Pengapian Rusak,Ganti koil pengapian dengan yang baru sesuai spesifikasi.,
265,16,YAMAHA,Aerox 155,Injeksi,1,0,0,0,0,0,0,0,0,0,1,0,0,0,0,0,0,0,0,0,0,0,0,0,0,0,K06,Injektor Kotor / Tersumbat,Bersihkan injektor dengan injector cleaner atau ganti baru.,
266,22,YAMAHA,Fino Karbu,Karburator,0,0,0,0,0,0,0,0,0,1,1,0,0,0,0,0,0,0,0,0,0,0,0,0,0,0,K01,Busi Bermasalah,"Ganti busi baru sesuai spesifikasi, cek gap/celah busi.",
267,14,YAMAHA,Soul GT FI,Injeksi,0,0,0,0,0,0,0,0,0,0,0,0,0,0,0,0,0,0,0,0,0,0,0,1,0,0,K42,ISC / IACV Kotor,Bersihkan atau ganti ISC/IACV (Idle Speed Control).,
268,18,YAMAHA,Freego,Injeksi,0,0,0,0,0,0,1,0,0,0,0,0,1,0,0,0,0,0,0,0,0,0,0,0,0,0,K09,Roller CVT Aus,Ganti roller CVT satu set sesuai berat standar.,
269,19,YAMAHA,Fino FI,Injeksi,0,0,0,1,0,0,0,0,0,0,0,0,0,0,1,0,0,0,0,0,0,0,0,0,0,0,K10,Piston / Ring Piston Aus,"Korter blok silinder, ganti piston dan ring piston set.",
270,9,HONDA,Beat Karbu,Karburator,0,0,0,0,0,0,0,0,0,0,1,0,0,0,0,0,0,0,0,0,0,0,0,1,0,0,K45,Setelan Angin Karburator Salah,Setel ulang setelan angin (pilot screw) karburator.,
271,6,HONDA,Genio,Injeksi,0,0,0,0,0,0,0,0,0,0,0,0,0,0,0,0,0,0,0,0,0,0,0,0,0,1,K40,ECU Rusak,"Periksa ECU dengan scanner, reset atau ganti ECU.",
272,3,HONDA,Vario 125,Injeksi,0,0,0,0,0,0,0,0,0,0,0,0,0,0,1,0,0,0,0,0,0,0,0,0,0,0,K10,Piston / Ring Piston Aus,"Korter blok silinder, ganti piston dan ring piston set.",
273,14,YAMAHA,Soul GT FI,Injeksi,0,1,0,0,0,0,0,0,0,0,0,0,0,0,0,0,0,0,0,0,0,0,0,0,0,0,K05,Fuel Pump Lemah,"Periksa tekanan fuel pump, ganti rotak atau assy.",
274,19,YAMAHA,Fino FI,Injeksi,0,0,0,1,0,0,0,0,0,0,0,0,0,0,0,0,0,0,0,0,0,0,0,0,0,0,K10,Piston / Ring Piston Aus,"Korter blok silinder, ganti piston dan ring piston set.",
275,14,YAMAHA,Soul GT FI,Injeksi,0,0,0,0,0,0,0,0,0,1,0,0,0,0,0,0,0,0,0,0,0,0,0,0,0,0,K06,Injektor Kotor / Tersumbat,Bersihkan injektor dengan injector cleaner atau ganti baru.,
276,3,HONDA,Vario 125,Injeksi,0,0,0,0,0,0,0,1,0,0,0,0,0,0,0,0,0,0,0,0,0,0,0,0,0,0,K16,Rantai Keteng Kendur,Ganti tensioner dan rantai keteng (timing chain).,
277,16,YAMAHA,Aerox 155,Injeksi,0,0,1,0,0,0,0,0,0,0,0,0,0,0,0,0,0,0,0,0,0,0,0,0,0,0,K15,Bearing Noken As Aus,Ganti bearing noken as dan periksa keausan camshaft.,
278,6,HONDA,Genio,Injeksi,1,0,0,0,0,0,0,0,0,0,1,0,0,0,0,0,0,0,0,0,0,0,0,0,0,0,K06,Injektor Kotor / Tersumbat,Bersihkan injektor dengan injector cleaner atau ganti baru.,
279,17,YAMAHA,Lexi,Injeksi,0,0,0,0,0,1,0,0,0,0,0,0,0,0,0,0,0,0,0,0,0,0,0,0,0,0,K03,Overheat (Radiator Tersumbat),"Flush radiator, ganti coolant, periksa water pump.",
280,20,YAMAHA,Mio Sporty,Karburator,0,1,0,0,0,0,0,0,0,0,0,0,0,0,0,0,0,0,0,0,0,0,0,0,0,0,K02,Aki Soak / Lemah,"Cas ulang aki atau ganti aki baru, periksa kiprok/regulator.",
281,3,HONDA,Vario 125,Injeksi,0,0,0,0,0,0,0,0,0,0,0,0,0,0,0,0,0,0,0,1,0,0,0,0,1,0,K38,Kruk As / Bearing Besar Oblak,Ganti bearing besar kruk as (crankshaft bearing).,
282,4,HONDA,Vario 150,Injeksi,0,0,0,1,0,0,0,0,0,0,0,0,0,0,0,0,0,0,0,0,0,0,0,0,0,0,K10,Piston / Ring Piston Aus,"Korter blok silinder, ganti piston dan ring piston set.",
283,23,YAMAHA,Xeon Karbu,Karburator,0,0,0,0,0,0,0,0,0,0,0,0,0,0,0,0,0,0,0,0,0,0,0,1,0,0,K45,Setelan Angin Karburator Salah,Setel ulang setelan angin (pilot screw) karburator.,
284,8,HONDA,ADV 160,Injeksi,0,0,0,0,0,0,0,0,0,0,1,0,0,0,0,0,1,0,0,0,0,0,0,0,0,0,K18,Koil Pengapian Rusak,Ganti koil pengapian dengan yang baru sesuai spesifikasi.,
285,18,YAMAHA,Freego,Injeksi,0,0,0,0,0,0,0,0,0,0,0,0,0,0,0,0,0,0,0,0,0,0,0,0,0,1,K40,ECU Rusak,"Periksa ECU dengan scanner, reset atau ganti ECU.",
286,8,HONDA,ADV 160,Injeksi,1,0,0,0,0,0,0,0,0,0,0,0,0,0,0,0,0,0,0,0,0,0,0,0,0,0,K06,Injektor Kotor / Tersumbat,Bersihkan injektor dengan injector cleaner atau ganti baru.,
287,22,YAMAHA,Fino Karbu,Karburator,0,0,0,0,1,0,0,0,0,1,1,0,0,0,0,0,0,0,0,0,0,0,0,0,0,0,K01,Busi Bermasalah,"Ganti busi baru sesuai spesifikasi, cek gap/celah busi.",
288,21,YAMAHA,Mio Soul Karbu,Karburator,0,0,0,1,0,0,0,0,0,0,0,0,0,0,1,0,0,0,0,0,0,0,0,0,0,0,K10,Piston / Ring Piston Aus,"Korter blok silinder, ganti piston dan ring piston set.",
289,21,YAMAHA,Mio Soul Karbu,Karburator,0,0,0,0,0,0,0,0,0,0,1,0,0,0,0,0,0,0,0,0,0,0,0,1,0,0,K45,Setelan Angin Karburator Salah,Setel ulang setelan angin (pilot screw) karburator.,
290,7,HONDA,PCX 160,Injeksi,0,0,0,0,0,0,0,0,0,0,0,0,0,0,0,0,0,1,0,0,0,0,0,0,0,0,K36,Piston Macet (Seizure),"Bongkar mesin, korter ulang silinder, ganti piston baru.",
291,23,YAMAHA,Xeon Karbu,Karburator,0,0,0,0,0,0,0,0,0,0,0,0,0,0,0,0,0,0,0,0,0,0,0,0,0,1,K41,CDI Rusak,Ganti CDI (Capacitor Discharge Ignition) dengan yang baru.,
292,23,YAMAHA,Xeon Karbu,Karburator,0,0,0,0,0,0,0,0,0,0,0,0,0,0,0,0,0,0,0,0,1,0,0,0,0,0,K35,Seal / Paking Mesin Bocor,Ganti gasket/paking head dan seal mesin yang bocor.,
293,21,YAMAHA,Mio Soul Karbu,Karburator,1,0,0,0,0,0,0,0,0,0,1,0,0,0,0,0,0,0,0,0,0,0,0,0,0,0,K04,Karburator Kotor,"Bongkar karburator, bersihkan pilot jet dan main jet.",
294,13,YAMAHA,Mio S,Injeksi,0,0,0,0,0,0,0,0,0,0,0,0,0,1,0,0,0,0,0,0,0,0,0,0,0,0,K24,Kipas Radiator Mati,Ganti motor kipas radiator atau periksa relay/fuse kipas.,
295,13,YAMAHA,Mio S,Injeksi,0,0,0,0,0,0,0,0,0,0,0,0,0,0,0,0,0,1,0,1,0,0,0,0,0,0,K36,Piston Macet (Seizure),"Bongkar mesin, korter ulang silinder, ganti piston baru.",
296,7,HONDA,PCX 160,Injeksi,0,0,0,0,1,0,0,0,0,0,0,0,0,0,0,1,0,0,0,0,0,0,0,0,0,0,K13,Klep (Valve) Bocor,"Skir klep, ganti seal klep, dan setel celah klep.",
297,10,HONDA,Vario 110 Karbu,Karburator,0,0,0,0,0,0,0,0,0,0,0,0,0,0,0,0,0,0,0,0,1,0,0,0,0,0,K35,Seal / Paking Mesin Bocor,Ganti gasket/paking head dan seal mesin yang bocor.,
298,11,HONDA,Scoopy Karbu,Karburator,0,0,0,0,0,0,0,0,0,0,0,0,0,0,0,0,0,0,0,0,0,0,0,1,0,0,K45,Setelan Angin Karburator Salah,Setel ulang setelan angin (pilot screw) karburator.,
299,3,HONDA,Vario 125,Injeksi,1,0,0,0,0,0,0,0,0,1,1,0,0,0,0,0,0,0,0,0,0,0,0,0,0,0,K06,Injektor Kotor / Tersumbat,Bersihkan injektor dengan injector cleaner atau ganti baru.,
300,5,HONDA,Scoopy FI,Injeksi,0,0,0,0,0,0,0,0,0,0,0,0,0,0,0,0,0,0,0,0,0,0,0,0,1,0,K38,Kruk As / Bearing Besar Oblak,Ganti bearing besar kruk as (crankshaft bearing).,
301,4,HONDA,Vario 150,Injeksi,0,0,0,0,1,0,0,0,0,0,0,0,0,0,0,1,0,0,0,0,0,0,0,0,0,0,K13,Klep (Valve) Bocor,"Skir klep, ganti seal klep, dan setel celah klep.",
302,22,YAMAHA,Fino Karbu,Karburator,0,0,0,0,0,0,0,0,0,1,1,0,0,0,0,0,0,0,0,0,0,0,0,0,0,0,K01,Busi Bermasalah,"Ganti busi baru sesuai spesifikasi, cek gap/celah busi.",
303,19,YAMAHA,Fino FI,Injeksi,0,0,0,0,0,0,0,0,0,0,0,0,0,0,0,0,0,1,0,0,0,0,0,0,0,0,K36,Piston Macet (Seizure),"Bongkar mesin, korter ulang silinder, ganti piston baru.",
304,10,HONDA,Vario 110 Karbu,Karburator,0,0,0,0,0,0,0,0,0,0,0,0,0,0,0,0,0,0,0,0,0,1,0,0,0,0,K30,Pompa Oli Mesin Lemah,Ganti pompa oli mesin dan periksa saluran oli.,
305,9,HONDA,Beat Karbu,Karburator,0,0,0,0,0,0,0,0,0,1,0,0,0,0,0,0,0,0,0,0,0,0,0,0,0,0,K01,Busi Bermasalah,"Ganti busi baru sesuai spesifikasi, cek gap/celah busi.",
306,3,HONDA,Vario 125,Injeksi,0,0,0,0,0,0,0,0,0,0,0,0,0,0,1,0,0,0,0,0,0,0,0,0,0,0,K10,Piston / Ring Piston Aus,"Korter blok silinder, ganti piston dan ring piston set.",
307,6,HONDA,Genio,Injeksi,0,0,0,0,1,0,0,0,0,0,0,0,0,0,0,0,0,0,0,0,0,0,0,0,0,0,K13,Klep (Valve) Bocor,"Skir klep, ganti seal klep, dan setel celah klep.",
308,21,YAMAHA,Mio Soul Karbu,Karburator,0,0,0,1,0,0,0,0,0,0,0,0,0,0,1,0,0,0,0,0,0,0,0,0,0,0,K10,Piston / Ring Piston Aus,"Korter blok silinder, ganti piston dan ring piston set.",
309,12,YAMAHA,Mio M3,Injeksi,0,0,1,0,0,0,0,0,0,0,0,0,0,0,0,0,0,0,0,0,0,0,0,0,1,0,K15,Bearing Noken As Aus,Ganti bearing noken as dan periksa keausan camshaft.,
310,8,HONDA,ADV 160,Injeksi,0,0,0,0,0,0,0,0,0,0,0,0,0,0,0,0,0,0,1,0,0,0,0,0,0,0,K20,Throttle Body Kotor,Bersihkan throttle body dan ISC/IACV dengan carb cleaner.,
311,12,YAMAHA,Mio M3,Injeksi,0,0,0,0,0,0,0,0,0,0,0,0,0,0,0,0,0,0,0,1,0,1,0,0,0,0,K30,Pompa Oli Mesin Lemah,Ganti pompa oli mesin dan periksa saluran oli.,
312,19,YAMAHA,Fino FI,Injeksi,1,0,0,0,0,0,0,0,0,0,1,0,0,0,0,0,0,0,0,0,0,0,0,0,0,0,K06,Injektor Kotor / Tersumbat,Bersihkan injektor dengan injector cleaner atau ganti baru.,
313,11,HONDA,Scoopy Karbu,Karburator,0,0,0,0,1,0,0,0,0,1,0,0,0,0,0,0,0,0,0,0,0,0,0,0,0,0,K01,Busi Bermasalah,"Ganti busi baru sesuai spesifikasi, cek gap/celah busi.",
314,12,YAMAHA,Mio M3,Injeksi,0,0,0,0,0,0,0,0,0,0,0,0,0,0,0,0,0,0,0,1,0,1,0,0,0,0,K30,Pompa Oli Mesin Lemah,Ganti pompa oli mesin dan periksa saluran oli.,
315,5,HONDA,Scoopy FI,Injeksi,0,0,0,1,0,0,0,0,0,0,0,0,0,0,1,0,0,0,0,0,0,0,0,0,0,0,K10,Piston / Ring Piston Aus,"Korter blok silinder, ganti piston dan ring piston set.",
316,22,YAMAHA,Fino Karbu,Karburator,0,0,0,0,0,0,0,0,0,0,0,0,0,0,1,0,0,0,0,0,1,0,0,0,0,0,K35,Seal / Paking Mesin Bocor,Ganti gasket/paking head dan seal mesin yang bocor.,
317,2,HONDA,Beat Street,Injeksi,0,0,0,1,0,0,0,0,0,0,0,0,0,0,1,0,0,0,0,0,0,0,0,0,0,0,K10,Piston / Ring Piston Aus,"Korter blok silinder, ganti piston dan ring piston set.",
318,21,YAMAHA,Mio Soul Karbu,Karburator,1,0,0,0,0,0,0,0,0,0,0,0,0,0,0,0,0,0,0,0,0,0,0,0,0,0,K04,Karburator Kotor,"Bongkar karburator, bersihkan pilot jet dan main jet.",
319,18,YAMAHA,Freego,Injeksi,0,0,0,0,0,0,0,0,0,0,0,0,0,0,0,0,0,0,0,0,0,0,0,0,1,0,K38,Kruk As / Bearing Besar Oblak,Ganti bearing besar kruk as (crankshaft bearing).,
320,16,YAMAHA,Aerox 155,Injeksi,1,0,0,0,0,0,0,0,0,0,0,0,0,0,0,0,0,0,0,0,0,0,0,0,0,0,K06,Injektor Kotor / Tersumbat,Bersihkan injektor dengan injector cleaner atau ganti baru.,
321,22,YAMAHA,Fino Karbu,Karburator,0,0,0,0,0,0,0,0,0,0,0,0,0,0,0,0,0,0,0,0,0,0,1,0,0,0,K37,Per CVT Lemah / Patah,Ganti per CVT (center spring) dengan yang baru.,
322,7,HONDA,PCX 160,Injeksi,0,0,0,1,1,0,0,0,0,0,0,0,0,0,0,0,0,0,0,0,0,0,0,0,0,0,K10,Piston / Ring Piston Aus,"Korter blok silinder, ganti piston dan ring piston set.",
323,18,YAMAHA,Freego,Injeksi,0,0,0,0,0,0,0,1,0,0,0,0,0,0,0,0,0,0,0,0,0,0,0,0,0,0,K16,Rantai Keteng Kendur,Ganti tensioner dan rantai keteng (timing chain).,
324,11,HONDA,Scoopy Karbu,Karburator,0,0,0,0,0,0,0,0,0,0,0,0,0,0,0,1,0,0,0,0,0,0,0,0,0,0,K13,Klep (Valve) Bocor,"Skir klep, ganti seal klep, dan setel celah klep.",
325,18,YAMAHA,Freego,Injeksi,0,0,0,0,0,0,0,0,0,1,0,0,0,0,0,0,0,0,0,0,0,0,0,0,0,0,K06,Injektor Kotor / Tersumbat,Bersihkan injektor dengan injector cleaner atau ganti baru.,
326,22,YAMAHA,Fino Karbu,Karburator,0,0,0,0,0,0,0,0,0,0,1,0,0,0,0,0,0,0,0,0,0,0,0,1,0,0,K45,Setelan Angin Karburator Salah,Setel ulang setelan angin (pilot screw) karburator.,
327,14,YAMAHA,Soul GT FI,Injeksi,0,0,0,0,0,0,0,0,0,0,0,0,0,0,0,0,0,1,0,1,0,0,0,0,0,0,K36,Piston Macet (Seizure),"Bongkar mesin, korter ulang silinder, ganti piston baru.",
328,9,HONDA,Beat Karbu,Karburator,1,0,0,0,0,0,0,0,0,1,0,0,0,0,0,0,0,0,0,0,0,0,0,0,0,0,K04,Karburator Kotor,"Bongkar karburator, bersihkan pilot jet dan main jet.",
329,3,HONDA,Vario 125,Injeksi,0,0,0,1,1,0,0,0,0,0,0,0,0,0,1,0,0,0,0,0,0,0,0,0,0,0,K10,Piston / Ring Piston Aus,"Korter blok silinder, ganti piston dan ring piston set.",
330,7,HONDA,PCX 160,Injeksi,0,0,0,1,0,0,0,0,0,0,0,0,0,0,1,0,0,0,0,0,0,0,0,0,0,0,K10,Piston / Ring Piston Aus,"Korter blok silinder, ganti piston dan ring piston set.",
331,20,YAMAHA,Mio Sporty,Karburator,1,0,0,0,0,0,0,0,0,1,0,0,0,0,0,0,0,0,0,0,0,0,0,0,0,0,K04,Karburator Kotor,"Bongkar karburator, bersihkan pilot jet dan main jet.",
332,5,HONDA,Scoopy FI,Injeksi,0,0,0,0,0,0,0,0,0,0,0,0,0,0,0,0,0,0,1,0,0,0,0,0,0,0,K20,Throttle Body Kotor,Bersihkan throttle body dan ISC/IACV dengan carb cleaner.,
333,14,YAMAHA,Soul GT FI,Injeksi,0,0,0,0,0,0,0,0,0,0,0,0,0,0,0,0,0,0,0,0,0,1,0,0,0,0,K30,Pompa Oli Mesin Lemah,Ganti pompa oli mesin dan periksa saluran oli.,
334,13,YAMAHA,Mio S,Injeksi,0,0,0,0,0,0,0,0,1,0,0,0,0,0,0,0,0,0,0,0,0,0,0,0,0,1,K40,ECU Rusak,"Periksa ECU dengan scanner, reset atau ganti ECU.",
335,5,HONDA,Scoopy FI,Injeksi,0,0,0,0,0,0,0,0,1,0,1,0,0,0,0,0,0,0,0,0,0,0,0,0,0,0,K08,Sensor TPS / ECU Error,"Reset ECU, kalibrasi TPS, atau ganti sensor TPS.",
336,22,YAMAHA,Fino Karbu,Karburator,0,0,0,0,0,0,0,0,0,0,0,0,1,0,0,0,0,0,0,0,0,0,0,0,0,0,K33,Kampas Ganda Aus,Ganti kampas ganda (clutch shoe) CVT satu set.,
337,21,YAMAHA,Mio Soul Karbu,Karburator,0,0,0,0,0,0,0,0,0,1,1,0,0,0,0,0,0,0,0,0,0,0,0,0,0,0,K01,Busi Bermasalah,"Ganti busi baru sesuai spesifikasi, cek gap/celah busi.",
338,8,HONDA,ADV 160,Injeksi,0,0,0,1,1,0,0,0,0,0,0,0,0,0,0,0,0,0,0,0,0,0,0,0,0,0,K10,Piston / Ring Piston Aus,"Korter blok silinder, ganti piston dan ring piston set.",
339,14,YAMAHA,Soul GT FI,Injeksi,1,0,0,0,0,0,0,0,0,1,0,0,0,0,0,0,0,0,0,0,0,0,0,0,0,0,K06,Injektor Kotor / Tersumbat,Bersihkan injektor dengan injector cleaner atau ganti baru.,
340,11,HONDA,Scoopy Karbu,Karburator,0,0,0,0,0,0,0,0,0,1,1,0,0,0,0,0,0,0,0,0,0,0,0,0,0,0,K01,Busi Bermasalah,"Ganti busi baru sesuai spesifikasi, cek gap/celah busi.",
341,23,YAMAHA,Xeon Karbu,Karburator,0,0,0,0,0,0,0,0,0,0,0,0,0,0,0,0,0,0,0,0,0,0,0,0,1,0,K38,Kruk As / Bearing Besar Oblak,Ganti bearing besar kruk as (crankshaft bearing).,
342,16,YAMAHA,Aerox 155,Injeksi,0,0,0,0,0,0,0,0,0,0,0,0,0,0,0,0,0,0,1,0,0,0,0,1,0,0,K20,Throttle Body Kotor,Bersihkan throttle body dan ISC/IACV dengan carb cleaner.,
343,21,YAMAHA,Mio Soul Karbu,Karburator,0,1,0,0,0,0,0,0,0,0,0,0,0,0,0,0,0,0,0,0,0,0,0,0,0,0,K02,Aki Soak / Lemah,"Cas ulang aki atau ganti aki baru, periksa kiprok/regulator.",
344,21,YAMAHA,Mio Soul Karbu,Karburator,0,0,0,0,0,0,0,0,0,0,1,0,0,0,0,0,0,0,0,0,0,0,0,0,0,0,K18,Koil Pengapian Rusak,Ganti koil pengapian dengan yang baru sesuai spesifikasi.,
345,17,YAMAHA,Lexi,Injeksi,0,0,0,0,0,0,0,1,0,0,0,0,0,0,0,0,0,0,0,0,0,0,0,0,0,0,K16,Rantai Keteng Kendur,Ganti tensioner dan rantai keteng (timing chain).,
346,4,HONDA,Vario 150,Injeksi,0,0,0,0,0,0,1,0,0,0,0,0,1,0,0,0,0,0,0,0,0,0,0,0,0,0,K09,Roller CVT Aus,Ganti roller CVT satu set sesuai berat standar.,
347,8,HONDA,ADV 160,Injeksi,1,0,0,0,0,0,0,0,0,0,1,0,0,0,0,0,0,0,0,0,0,0,0,0,0,0,K06,Injektor Kotor / Tersumbat,Bersihkan injektor dengan injector cleaner atau ganti baru.,
348,20,YAMAHA,Mio Sporty,Karburator,0,0,0,0,0,0,0,0,0,0,0,0,0,0,0,0,0,0,0,0,0,0,0,0,1,0,K38,Kruk As / Bearing Besar Oblak,Ganti bearing besar kruk as (crankshaft bearing).,
349,13,YAMAHA,Mio S,Injeksi,0,0,0,0,0,0,0,0,0,0,1,0,0,0,0,0,1,0,0,0,0,0,0,0,0,0,K18,Koil Pengapian Rusak,Ganti koil pengapian dengan yang baru sesuai spesifikasi.,
350,9,HONDA,Beat Karbu,Karburator,0,0,0,0,0,0,0,0,0,0,0,0,0,1,0,0,0,0,0,0,0,0,0,0,0,0,K24,Kipas Radiator Mati,Ganti motor kipas radiator atau periksa relay/fuse kipas.,
351,15,YAMAHA,NMAX 155,Injeksi,0,0,0,0,0,0,0,0,1,0,1,0,0,0,0,0,0,0,0,0,0,0,0,0,0,0,K08,Sensor TPS / ECU Error,"Reset ECU, kalibrasi TPS, atau ganti sensor TPS.",
352,10,HONDA,Vario 110 Karbu,Karburator,0,0,0,0,0,0,0,0,0,0,0,0,0,0,0,0,0,0,0,0,0,0,0,0,0,1,K41,CDI Rusak,Ganti CDI (Capacitor Discharge Ignition) dengan yang baru.,
353,3,HONDA,Vario 125,Injeksi,0,0,0,0,0,0,0,0,0,0,0,0,0,0,0,0,0,1,0,1,0,0,0,0,0,0,K36,Piston Macet (Seizure),"Bongkar mesin, korter ulang silinder, ganti piston baru.",
354,21,YAMAHA,Mio Soul Karbu,Karburator,0,0,0,0,0,0,0,0,0,0,0,0,0,0,0,0,0,0,0,0,0,0,0,1,0,0,K45,Setelan Angin Karburator Salah,Setel ulang setelan angin (pilot screw) karburator.,
355,1,HONDA,Beat FI,Injeksi,0,0,0,1,0,0,0,0,0,0,0,0,0,0,1,0,0,0,0,0,0,0,0,0,0,0,K10,Piston / Ring Piston Aus,"Korter blok silinder, ganti piston dan ring piston set.",
356,3,HONDA,Vario 125,Injeksi,0,0,1,0,0,0,0,0,0,0,0,0,0,0,0,0,0,0,0,0,0,0,0,0,0,0,K15,Bearing Noken As Aus,Ganti bearing noken as dan periksa keausan camshaft.,
357,14,YAMAHA,Soul GT FI,Injeksi,1,0,0,0,0,0,0,0,0,1,0,0,0,0,0,0,0,0,0,0,0,0,0,0,0,0,K06,Injektor Kotor / Tersumbat,Bersihkan injektor dengan injector cleaner atau ganti baru.,
358,8,HONDA,ADV 160,Injeksi,0,0,0,0,0,0,0,0,0,0,0,0,0,0,1,0,0,0,0,0,1,0,0,0,0,0,K35,Seal / Paking Mesin Bocor,Ganti gasket/paking head dan seal mesin yang bocor.,
359,16,YAMAHA,Aerox 155,Injeksi,0,0,0,0,0,0,0,0,0,0,0,0,0,0,1,0,0,0,0,0,0,0,0,0,0,0,K10,Piston / Ring Piston Aus,"Korter blok silinder, ganti piston dan ring piston set.",
360,20,YAMAHA,Mio Sporty,Karburator,0,0,0,1,0,0,0,0,0,0,0,0,0,0,1,0,0,0,0,0,0,0,0,0,0,0,K10,Piston / Ring Piston Aus,"Korter blok silinder, ganti piston dan ring piston set.",
361,18,YAMAHA,Freego,Injeksi,0,0,0,0,0,0,0,0,0,0,0,0,1,0,0,0,0,0,0,0,0,0,0,0,0,0,K33,Kampas Ganda Aus,Ganti kampas ganda (clutch shoe) CVT satu set.,
362,23,YAMAHA,Xeon Karbu,Karburator,0,0,0,0,1,0,0,0,0,1,1,0,0,0,0,0,0,0,0,0,0,0,0,0,0,0,K01,Busi Bermasalah,"Ganti busi baru sesuai spesifikasi, cek gap/celah busi.",
363,23,YAMAHA,Xeon Karbu,Karburator,0,0,0,0,0,0,0,0,0,1,0,0,0,0,0,0,0,0,0,0,0,0,0,0,0,0,K01,Busi Bermasalah,"Ganti busi baru sesuai spesifikasi, cek gap/celah busi.",
364,22,YAMAHA,Fino Karbu,Karburator,0,0,0,0,0,0,0,0,0,0,0,0,0,0,0,0,0,0,1,0,0,0,0,0,0,0,K44,Kabel Gas Aus / Macet,Lumasi atau ganti kabel gas (throttle cable).,
365,6,HONDA,Genio,Injeksi,0,0,1,0,0,0,0,0,0,0,0,0,0,0,0,0,0,0,0,0,0,0,0,0,1,0,K15,Bearing Noken As Aus,Ganti bearing noken as dan periksa keausan camshaft.,
366,3,HONDA,Vario 125,Injeksi,0,0,0,1,0,0,0,0,0,0,0,0,0,0,1,0,0,0,0,0,0,0,0,0,0,0,K10,Piston / Ring Piston Aus,"Korter blok silinder, ganti piston dan ring piston set.",
367,23,YAMAHA,Xeon Karbu,Karburator,0,0,0,0,0,0,0,0,0,0,0,0,0,0,0,0,0,0,0,0,0,0,0,1,0,0,K45,Setelan Angin Karburator Salah,Setel ulang setelan angin (pilot screw) karburator.,
368,18,YAMAHA,Freego,Injeksi,0,0,0,1,0,0,0,0,0,0,0,0,0,0,0,0,0,0,0,0,0,0,0,0,0,0,K10,Piston / Ring Piston Aus,"Korter blok silinder, ganti piston dan ring piston set.",
369,11,HONDA,Scoopy Karbu,Karburator,1,0,0,0,0,0,0,0,0,0,1,0,0,0,0,0,0,0,0,0,0,0,0,0,0,0,K04,Karburator Kotor,"Bongkar karburator, bersihkan pilot jet dan main jet.",
370,9,HONDA,Beat Karbu,Karburator,0,1,0,0,0,0,0,0,0,0,0,0,0,0,0,0,0,0,0,0,0,0,0,0,0,0,K02,Aki Soak / Lemah,"Cas ulang aki atau ganti aki baru, periksa kiprok/regulator.",
371,11,HONDA,Scoopy Karbu,Karburator,0,1,0,0,0,0,0,0,0,0,0,0,0,0,0,0,0,0,0,0,0,0,0,0,0,0,K02,Aki Soak / Lemah,"Cas ulang aki atau ganti aki baru, periksa kiprok/regulator.",
372,19,YAMAHA,Fino FI,Injeksi,0,1,0,0,0,0,0,0,0,0,0,0,0,0,0,0,0,0,0,0,0,0,0,0,0,0,K05,Fuel Pump Lemah,"Periksa tekanan fuel pump, ganti rotak atau assy.",
373,19,YAMAHA,Fino FI,Injeksi,0,0,0,0,0,0,0,0,0,0,0,0,0,0,1,0,0,0,0,0,0,0,0,0,0,0,K10,Piston / Ring Piston Aus,"Korter blok silinder, ganti piston dan ring piston set.",
374,2,HONDA,Beat Street,Injeksi,0,0,0,0,0,0,0,0,0,0,0,0,0,0,0,0,0,0,0,0,0,0,0,0,0,1,K40,ECU Rusak,"Periksa ECU dengan scanner, reset atau ganti ECU.",
375,6,HONDA,Genio,Injeksi,0,0,1,0,0,0,0,0,0,0,0,0,0,0,0,0,0,0,0,0,0,0,0,0,0,0,K15,Bearing Noken As Aus,Ganti bearing noken as dan periksa keausan camshaft.,
376,8,HONDA,ADV 160,Injeksi,1,0,0,0,0,0,0,0,0,1,1,0,0,0,0,0,0,0,0,0,0,0,0,0,0,0,K06,Injektor Kotor / Tersumbat,Bersihkan injektor dengan injector cleaner atau ganti baru.,
377,11,HONDA,Scoopy Karbu,Karburator,0,0,0,0,0,1,0,0,0,0,0,0,0,1,0,0,0,0,0,0,0,0,0,0,0,0,K03,Overheat (Radiator Tersumbat),"Flush radiator, ganti coolant, periksa water pump.",
378,22,YAMAHA,Fino Karbu,Karburator,1,0,0,0,0,0,0,0,0,1,0,0,0,0,0,0,0,0,0,0,0,0,0,0,0,0,K04,Karburator Kotor,"Bongkar karburator, bersihkan pilot jet dan main jet.",
379,11,HONDA,Scoopy Karbu,Karburator,0,0,0,0,0,0,0,0,0,0,0,0,0,0,0,0,0,0,0,0,0,0,0,0,0,1,K41,CDI Rusak,Ganti CDI (Capacitor Discharge Ignition) dengan yang baru.,
380,9,HONDA,Beat Karbu,Karburator,0,0,1,0,0,0,0,0,0,0,0,0,0,0,0,0,0,0,0,0,0,0,0,0,1,0,K15,Bearing Noken As Aus,Ganti bearing noken as dan periksa keausan camshaft.,
381,20,YAMAHA,Mio Sporty,Karburator,0,0,0,0,0,0,0,0,0,0,0,0,0,0,0,0,0,0,0,0,0,0,0,1,0,0,K45,Setelan Angin Karburator Salah,Setel ulang setelan angin (pilot screw) karburator.,
382,15,YAMAHA,NMAX 155,Injeksi,1,0,0,0,0,0,0,0,0,1,1,0,0,0,0,0,0,0,0,0,0,0,0,0,0,0,K06,Injektor Kotor / Tersumbat,Bersihkan injektor dengan injector cleaner atau ganti baru.,
383,13,YAMAHA,Mio S,Injeksi,1,0,0,0,0,0,0,0,0,0,0,0,0,0,0,0,0,0,0,0,0,0,0,0,0,0,K06,Injektor Kotor / Tersumbat,Bersihkan injektor dengan injector cleaner atau ganti baru.,
384,19,YAMAHA,Fino FI,Injeksi,0,0,0,1,1,0,0,0,0,0,0,0,0,0,1,0,0,0,0,0,0,0,0,0,0,0,K10,Piston / Ring Piston Aus,"Korter blok silinder, ganti piston dan ring piston set.",
385,18,YAMAHA,Freego,Injeksi,0,0,0,0,0,0,0,0,0,0,0,0,0,0,0,0,0,0,0,1,0,0,0,0,0,0,K36,Piston Macet (Seizure),"Bongkar mesin, korter ulang silinder, ganti piston baru.",
386,6,HONDA,Genio,Injeksi,0,0,0,0,0,0,0,0,0,0,0,0,0,0,0,0,0,1,0,1,0,0,0,0,0,0,K36,Piston Macet (Seizure),"Bongkar mesin, korter ulang silinder, ganti piston baru.",
387,3,HONDA,Vario 125,Injeksi,1,0,0,0,0,0,0,0,0,0,1,0,0,0,0,0,0,0,0,0,0,0,0,0,0,0,K06,Injektor Kotor / Tersumbat,Bersihkan injektor dengan injector cleaner atau ganti baru.,
388,12,YAMAHA,Mio M3,Injeksi,1,0,0,0,0,0,0,0,0,1,1,0,0,0,0,0,0,0,0,0,0,0,0,0,0,0,K06,Injektor Kotor / Tersumbat,Bersihkan injektor dengan injector cleaner atau ganti baru.,
389,7,HONDA,PCX 160,Injeksi,1,0,0,0,0,0,0,0,0,1,1,0,0,0,0,0,0,0,0,0,0,0,0,0,0,0,K06,Injektor Kotor / Tersumbat,Bersihkan injektor dengan injector cleaner atau ganti baru.,
390,1,HONDA,Beat FI,Injeksi,0,0,0,0,0,0,0,0,0,0,0,0,0,0,0,0,0,0,0,1,0,0,0,0,1,0,K38,Kruk As / Bearing Besar Oblak,Ganti bearing besar kruk as (crankshaft bearing).,
391,4,HONDA,Vario 150,Injeksi,0,0,0,0,0,0,0,0,1,0,0,0,0,0,0,0,0,0,0,0,0,0,0,0,0,0,K08,Sensor TPS / ECU Error,"Reset ECU, kalibrasi TPS, atau ganti sensor TPS.",
392,22,YAMAHA,Fino Karbu,Karburator,0,0,0,0,0,0,0,0,0,0,0,0,0,0,1,0,0,0,0,0,0,0,0,0,0,0,K10,Piston / Ring Piston Aus,"Korter blok silinder, ganti piston dan ring piston set.",
393,16,YAMAHA,Aerox 155,Injeksi,0,0,1,0,0,0,0,0,0,0,0,0,0,0,0,0,0,0,0,0,0,0,0,0,1,0,K15,Bearing Noken As Aus,Ganti bearing noken as dan periksa keausan camshaft.,
394,10,HONDA,Vario 110 Karbu,Karburator,0,0,0,0,1,0,0,0,0,1,0,0,0,0,0,0,0,0,0,0,0,0,0,0,0,0,K01,Busi Bermasalah,"Ganti busi baru sesuai spesifikasi, cek gap/celah busi.",
395,23,YAMAHA,Xeon Karbu,Karburator,0,0,0,0,0,0,0,0,0,0,0,0,1,0,0,0,0,0,0,0,0,0,0,0,0,0,K33,Kampas Ganda Aus,Ganti kampas ganda (clutch shoe) CVT satu set.,
396,14,YAMAHA,Soul GT FI,Injeksi,1,0,0,0,0,0,0,0,0,1,1,0,0,0,0,0,0,0,0,0,0,0,0,0,0,0,K06,Injektor Kotor / Tersumbat,Bersihkan injektor dengan injector cleaner atau ganti baru.,
397,6,HONDA,Genio,Injeksi,0,0,0,0,0,0,0,0,0,0,0,0,0,0,0,0,0,0,0,1,0,0,0,0,1,0,K38,Kruk As / Bearing Besar Oblak,Ganti bearing besar kruk as (crankshaft bearing).,
398,4,HONDA,Vario 150,Injeksi,1,0,0,0,0,0,0,0,0,1,0,0,0,0,0,0,0,0,0,0,0,0,0,0,0,0,K06,Injektor Kotor / Tersumbat,Bersihkan injektor dengan injector cleaner atau ganti baru.,
399,23,YAMAHA,Xeon Karbu,Karburator,0,0,0,0,0,0,0,0,0,0,0,0,0,0,0,0,0,0,0,1,0,1,0,0,0,0,K30,Pompa Oli Mesin Lemah,Ganti pompa oli mesin dan periksa saluran oli.,
400,22,YAMAHA,Fino Karbu,Karburator,0,0,0,0,0,0,0,0,0,0,0,0,0,0,0,0,0,0,0,0,0,0,1,0,0,0,K37,Per CVT Lemah / Patah,Ganti per CVT (center spring) dengan yang baru.,
401,4,HONDA,Vario 150,Injeksi,0,0,0,0,0,0,0,0,0,0,0,0,0,1,0,0,0,0,0,0,0,0,0,0,0,0,K24,Kipas Radiator Mati,Ganti motor kipas radiator atau periksa relay/fuse kipas.,
402,10,HONDA,Vario 110 Karbu,Karburator,0,0,0,0,0,0,1,0,0,0,0,0,0,0,0,0,0,0,0,0,0,0,0,0,0,0,K09,Roller CVT Aus,Ganti roller CVT satu set sesuai berat standar.,
403,4,HONDA,Vario 150,Injeksi,1,0,0,0,0,0,0,0,0,1,0,0,0,0,0,0,0,0,0,0,0,0,0,0,0,0,K06,Injektor Kotor / Tersumbat,Bersihkan injektor dengan injector cleaner atau ganti baru.,
404,7,HONDA,PCX 160,Injeksi,0,0,0,0,0,0,0,0,0,0,0,0,1,0,0,0,0,0,0,0,0,0,0,0,0,0,K33,Kampas Ganda Aus,Ganti kampas ganda (clutch shoe) CVT satu set.,
405,13,YAMAHA,Mio S,Injeksi,0,0,0,0,0,0,1,0,0,0,0,0,1,0,0,0,0,0,0,0,0,0,0,0,0,0,K09,Roller CVT Aus,Ganti roller CVT satu set sesuai berat standar.,
406,3,HONDA,Vario 125,Injeksi,0,0,0,0,0,0,0,0,0,0,0,0,0,0,0,0,1,0,0,0,0,0,0,0,0,0,K18,Koil Pengapian Rusak,Ganti koil pengapian dengan yang baru sesuai spesifikasi.,
407,14,YAMAHA,Soul GT FI,Injeksi,0,0,1,0,0,0,0,0,0,0,0,0,0,0,0,0,0,0,0,0,0,0,0,0,1,0,K15,Bearing Noken As Aus,Ganti bearing noken as dan periksa keausan camshaft.,
408,20,YAMAHA,Mio Sporty,Karburator,0,0,0,0,1,0,0,0,0,1,1,0,0,0,0,0,0,0,0,0,0,0,0,0,0,0,K01,Busi Bermasalah,"Ganti busi baru sesuai spesifikasi, cek gap/celah busi.",
409,9,HONDA,Beat Karbu,Karburator,0,0,0,0,0,0,0,0,0,0,0,0,0,0,0,0,0,0,1,0,0,0,0,0,0,0,K44,Kabel Gas Aus / Macet,Lumasi atau ganti kabel gas (throttle cable).,
410,16,YAMAHA,Aerox 155,Injeksi,0,0,0,0,0,0,0,0,0,0,0,0,0,0,0,0,0,0,0,0,0,0,0,0,0,1,K40,ECU Rusak,"Periksa ECU dengan scanner, reset atau ganti ECU.",
411,17,YAMAHA,Lexi,Injeksi,0,1,0,0,0,0,0,0,0,0,0,0,0,0,0,0,0,0,0,0,0,0,0,0,0,0,K05,Fuel Pump Lemah,"Periksa tekanan fuel pump, ganti rotak atau assy.",
412,21,YAMAHA,Mio Soul Karbu,Karburator,1,0,0,0,0,0,0,0,0,0,0,0,0,0,0,0,0,0,0,0,0,0,0,0,0,0,K04,Karburator Kotor,"Bongkar karburator, bersihkan pilot jet dan main jet.",
413,9,HONDA,Beat Karbu,Karburator,0,0,0,0,0,0,0,0,0,0,0,0,1,0,0,0,0,0,0,0,0,0,0,0,0,0,K33,Kampas Ganda Aus,Ganti kampas ganda (clutch shoe) CVT satu set.,
414,11,HONDA,Scoopy Karbu,Karburator,0,0,0,0,0,0,0,0,0,0,0,0,0,0,0,0,1,0,0,0,0,0,0,0,0,0,K18,Koil Pengapian Rusak,Ganti koil pengapian dengan yang baru sesuai spesifikasi.,
415,19,YAMAHA,Fino FI,Injeksi,0,0,0,1,1,0,0,0,0,0,0,0,0,0,1,0,0,0,0,0,0,0,0,0,0,0,K10,Piston / Ring Piston Aus,"Korter blok silinder, ganti piston dan ring piston set.",
416,14,YAMAHA,Soul GT FI,Injeksi,0,0,0,0,0,0,0,0,0,0,0,0,0,0,0,0,0,0,0,0,0,0,0,0,0,1,K40,ECU Rusak,"Periksa ECU dengan scanner, reset atau ganti ECU.",
417,13,YAMAHA,Mio S,Injeksi,0,1,0,0,0,0,0,0,0,0,0,0,0,0,0,0,0,0,0,0,0,0,0,0,0,0,K05,Fuel Pump Lemah,"Periksa tekanan fuel pump, ganti rotak atau assy.",
418,5,HONDA,Scoopy FI,Injeksi,1,0,0,0,0,0,0,0,0,1,0,0,0,0,0,0,0,0,0,0,0,0,0,0,0,0,K06,Injektor Kotor / Tersumbat,Bersihkan injektor dengan injector cleaner atau ganti baru.,
419,22,YAMAHA,Fino Karbu,Karburator,0,0,0,0,0,0,0,0,0,0,1,0,0,0,0,0,0,0,0,0,0,0,0,1,0,0,K45,Setelan Angin Karburator Salah,Setel ulang setelan angin (pilot screw) karburator.,
420,20,YAMAHA,Mio Sporty,Karburator,0,1,0,0,0,0,0,0,0,0,0,0,0,0,0,0,0,0,0,0,0,0,0,0,0,0,K02,Aki Soak / Lemah,"Cas ulang aki atau ganti aki baru, periksa kiprok/regulator.",
421,10,HONDA,Vario 110 Karbu,Karburator,0,0,0,0,0,1,0,0,0,0,0,0,0,0,0,0,0,0,0,0,0,0,0,0,0,0,K03,Overheat (Radiator Tersumbat),"Flush radiator, ganti coolant, periksa water pump.",
422,2,HONDA,Beat Street,Injeksi,0,0,0,0,0,0,0,0,0,0,0,0,0,0,0,0,0,0,0,1,0,1,0,0,0,0,K30,Pompa Oli Mesin Lemah,Ganti pompa oli mesin dan periksa saluran oli.,
423,17,YAMAHA,Lexi,Injeksi,0,0,0,0,0,0,0,0,1,0,0,0,0,0,0,0,0,0,0,0,0,0,0,0,0,1,K40,ECU Rusak,"Periksa ECU dengan scanner, reset atau ganti ECU.",
424,6,HONDA,Genio,Injeksi,0,0,0,0,0,0,0,0,1,0,0,0,0,0,0,0,0,0,0,0,0,0,0,0,0,1,K40,ECU Rusak,"Periksa ECU dengan scanner, reset atau ganti ECU.",
425,16,YAMAHA,Aerox 155,Injeksi,0,0,0,0,0,0,0,0,1,0,1,0,0,0,0,0,0,0,0,0,0,0,0,0,0,0,K08,Sensor TPS / ECU Error,"Reset ECU, kalibrasi TPS, atau ganti sensor TPS.",
426,13,YAMAHA,Mio S,Injeksi,0,0,0,0,0,1,0,0,0,0,0,0,0,1,0,0,0,0,0,0,0,0,0,0,0,0,K03,Overheat (Radiator Tersumbat),"Flush radiator, ganti coolant, periksa water pump.",
427,3,HONDA,Vario 125,Injeksi,0,0,0,0,0,0,0,0,0,0,0,0,0,0,0,0,0,0,1,0,0,0,0,1,0,0,K20,Throttle Body Kotor,Bersihkan throttle body dan ISC/IACV dengan carb cleaner.,
428,21,YAMAHA,Mio Soul Karbu,Karburator,0,0,0,1,0,0,0,0,0,0,0,0,0,0,1,0,0,0,0,0,0,0,0,0,0,0,K10,Piston / Ring Piston Aus,"Korter blok silinder, ganti piston dan ring piston set.",
429,19,YAMAHA,Fino FI,Injeksi,1,0,0,0,0,0,0,0,0,0,1,0,0,0,0,0,0,0,0,0,0,0,0,0,0,0,K06,Injektor Kotor / Tersumbat,Bersihkan injektor dengan injector cleaner atau ganti baru.,
430,22,YAMAHA,Fino Karbu,Karburator,0,1,0,0,0,0,0,0,0,0,0,0,0,0,0,0,0,0,0,0,0,0,0,0,0,0,K02,Aki Soak / Lemah,"Cas ulang aki atau ganti aki baru, periksa kiprok/regulator.",
431,22,YAMAHA,Fino Karbu,Karburator,0,0,0,0,0,0,0,0,0,0,0,0,0,0,1,0,0,0,0,0,0,0,0,0,0,0,K10,Piston / Ring Piston Aus,"Korter blok silinder, ganti piston dan ring piston set.",
432,3,HONDA,Vario 125,Injeksi,0,0,0,1,0,0,0,0,0,0,0,0,0,0,1,0,0,0,0,0,0,0,0,0,0,0,K10,Piston / Ring Piston Aus,"Korter blok silinder, ganti piston dan ring piston set.",
433,3,HONDA,Vario 125,Injeksi,0,0,0,0,0,0,0,0,0,0,0,0,0,0,0,0,0,0,0,0,0,0,0,0,0,1,K40,ECU Rusak,"Periksa ECU dengan scanner, reset atau ganti ECU.",
434,7,HONDA,PCX 160,Injeksi,0,0,0,0,0,0,0,0,0,0,0,0,0,0,0,0,0,0,0,0,0,0,1,0,0,0,K37,Per CVT Lemah / Patah,Ganti per CVT (center spring) dengan yang baru.,
435,4,HONDA,Vario 150,Injeksi,1,0,0,0,0,0,0,0,0,1,0,0,0,0,0,0,0,0,0,0,0,0,0,0,0,0,K06,Injektor Kotor / Tersumbat,Bersihkan injektor dengan injector cleaner atau ganti baru.,
436,4,HONDA,Vario 150,Injeksi,0,0,0,0,0,0,0,0,0,0,1,0,0,0,0,0,1,0,0,0,0,0,0,0,0,0,K18,Koil Pengapian Rusak,Ganti koil pengapian dengan yang baru sesuai spesifikasi.,
437,22,YAMAHA,Fino Karbu,Karburator,0,0,0,0,0,0,0,0,0,0,0,0,0,0,0,0,0,0,0,0,0,0,0,0,0,1,K41,CDI Rusak,Ganti CDI (Capacitor Discharge Ignition) dengan yang baru.,
438,10,HONDA,Vario 110 Karbu,Karburator,0,0,0,0,0,0,0,0,0,0,0,0,0,0,0,0,0,0,0,0,0,0,0,1,0,0,K45,Setelan Angin Karburator Salah,Setel ulang setelan angin (pilot screw) karburator.,
439,3,HONDA,Vario 125,Injeksi,0,0,0,0,0,0,0,1,0,0,0,0,0,0,0,0,0,0,0,0,0,0,0,0,0,0,K16,Rantai Keteng Kendur,Ganti tensioner dan rantai keteng (timing chain).,
440,8,HONDA,ADV 160,Injeksi,0,0,0,1,1,0,0,0,0,0,0,0,0,0,1,0,0,0,0,0,0,0,0,0,0,0,K10,Piston / Ring Piston Aus,"Korter blok silinder, ganti piston dan ring piston set.",
441,19,YAMAHA,Fino FI,Injeksi,0,0,0,0,0,0,0,0,0,0,0,0,0,0,0,0,0,0,0,1,0,0,0,0,1,0,K38,Kruk As / Bearing Besar Oblak,Ganti bearing besar kruk as (crankshaft bearing).,
442,10,HONDA,Vario 110 Karbu,Karburator,0,0,0,0,1,0,0,0,0,1,1,0,0,0,0,0,0,0,0,0,0,0,0,0,0,0,K01,Busi Bermasalah,"Ganti busi baru sesuai spesifikasi, cek gap/celah busi.",
443,20,YAMAHA,Mio Sporty,Karburator,0,0,0,0,0,0,0,0,0,0,0,0,0,0,0,0,0,1,0,1,0,0,0,0,0,0,K36,Piston Macet (Seizure),"Bongkar mesin, korter ulang silinder, ganti piston baru.",
444,20,YAMAHA,Mio Sporty,Karburator,0,0,0,0,0,0,0,0,0,0,0,0,0,0,0,0,0,0,1,0,0,0,0,0,0,0,K44,Kabel Gas Aus / Macet,Lumasi atau ganti kabel gas (throttle cable).,
445,2,HONDA,Beat Street,Injeksi,0,0,0,1,0,0,0,0,0,0,0,0,0,0,1,0,0,0,0,0,0,0,0,0,0,0,K10,Piston / Ring Piston Aus,"Korter blok silinder, ganti piston dan ring piston set.",
446,3,HONDA,Vario 125,Injeksi,0,0,0,0,0,0,0,0,1,0,1,0,0,0,0,0,0,0,0,0,0,0,0,0,0,0,K08,Sensor TPS / ECU Error,"Reset ECU, kalibrasi TPS, atau ganti sensor TPS.",
447,22,YAMAHA,Fino Karbu,Karburator,0,1,0,0,0,0,0,0,0,0,0,0,0,0,0,0,0,0,0,0,0,0,0,0,0,0,K02,Aki Soak / Lemah,"Cas ulang aki atau ganti aki baru, periksa kiprok/regulator.",
448,20,YAMAHA,Mio Sporty,Karburator,1,0,0,0,0,0,0,0,0,0,1,0,0,0,0,0,0,0,0,0,0,0,0,0,0,0,K04,Karburator Kotor,"Bongkar karburator, bersihkan pilot jet dan main jet.",
449,8,HONDA,ADV 160,Injeksi,0,0,0,0,0,0,1,0,0,0,0,0,0,0,0,0,0,0,0,0,0,0,0,0,0,0,K09,Roller CVT Aus,Ganti roller CVT satu set sesuai berat standar.,
450,8,HONDA,ADV 160,Injeksi,1,0,0,0,0,0,0,0,0,1,1,0,0,0,0,0,0,0,0,0,0,0,0,0,0,0,K06,Injektor Kotor / Tersumbat,Bersihkan injektor dengan injector cleaner atau ganti baru.,
451,3,HONDA,Vario 125,Injeksi,0,0,0,0,0,0,0,0,0,0,0,0,0,0,0,0,0,0,0,0,1,0,0,0,0,0,K35,Seal / Paking Mesin Bocor,Ganti gasket/paking head dan seal mesin yang bocor.,
452,17,YAMAHA,Lexi,Injeksi,0,0,0,0,0,0,0,0,1,0,0,0,0,0,0,0,0,0,0,0,0,0,0,0,0,0,K08,Sensor TPS / ECU Error,"Reset ECU, kalibrasi TPS, atau ganti sensor TPS.",
453,6,HONDA,Genio,Injeksi,0,0,0,0,0,0,0,0,1,0,1,0,0,0,0,0,0,0,0,0,0,0,0,0,0,0,K08,Sensor TPS / ECU Error,"Reset ECU, kalibrasi TPS, atau ganti sensor TPS.",
454,11,HONDA,Scoopy Karbu,Karburator,0,0,0,0,0,0,0,0,0,0,0,0,0,0,0,0,0,0,1,0,0,0,0,0,0,0,K44,Kabel Gas Aus / Macet,Lumasi atau ganti kabel gas (throttle cable).,
455,18,YAMAHA,Freego,Injeksi,0,0,0,0,0,0,0,0,0,0,0,0,0,0,0,0,0,1,0,1,0,0,0,0,0,0,K36,Piston Macet (Seizure),"Bongkar mesin, korter ulang silinder, ganti piston baru.",
456,9,HONDA,Beat Karbu,Karburator,0,0,0,0,0,0,0,0,0,0,0,0,0,0,1,0,0,0,0,0,0,0,0,0,0,0,K10,Piston / Ring Piston Aus,"Korter blok silinder, ganti piston dan ring piston set.",
457,11,HONDA,Scoopy Karbu,Karburator,0,1,0,0,0,0,0,0,0,0,0,0,0,0,0,0,0,0,0,0,0,0,0,0,0,0,K02,Aki Soak / Lemah,"Cas ulang aki atau ganti aki baru, periksa kiprok/regulator.",
458,13,YAMAHA,Mio S,Injeksi,0,0,0,0,0,0,1,0,0,0,0,0,1,0,0,0,0,0,0,0,0,0,0,0,0,0,K09,Roller CVT Aus,Ganti roller CVT satu set sesuai berat standar.,
459,9,HONDA,Beat Karbu,Karburator,0,0,0,0,0,0,0,0,0,0,0,0,0,0,1,0,0,0,0,0,0,0,0,0,0,0,K10,Piston / Ring Piston Aus,"Korter blok silinder, ganti piston dan ring piston set.",
460,15,YAMAHA,NMAX 155,Injeksi,0,0,0,0,1,0,0,0,0,0,0,0,0,0,0,1,0,0,0,0,0,0,0,0,0,0,K13,Klep (Valve) Bocor,"Skir klep, ganti seal klep, dan setel celah klep.",
461,7,HONDA,PCX 160,Injeksi,1,0,0,0,0,0,0,0,0,0,1,0,0,0,0,0,0,0,0,0,0,0,0,0,0,0,K06,Injektor Kotor / Tersumbat,Bersihkan injektor dengan injector cleaner atau ganti baru.,
462,2,HONDA,Beat Street,Injeksi,1,0,0,0,0,0,0,0,0,1,0,0,0,0,0,0,0,0,0,0,0,0,0,0,0,0,K06,Injektor Kotor / Tersumbat,Bersihkan injektor dengan injector cleaner atau ganti baru.,
463,16,YAMAHA,Aerox 155,Injeksi,0,0,0,0,0,0,0,0,1,0,1,0,0,0,0,0,0,0,0,0,0,0,0,0,0,0,K08,Sensor TPS / ECU Error,"Reset ECU, kalibrasi TPS, atau ganti sensor TPS.",
464,18,YAMAHA,Freego,Injeksi,0,0,0,0,0,0,0,0,0,0,0,0,0,0,0,0,0,0,0,0,0,1,0,0,0,0,K30,Pompa Oli Mesin Lemah,Ganti pompa oli mesin dan periksa saluran oli.,
465,7,HONDA,PCX 160,Injeksi,1,0,0,0,0,0,0,0,0,0,0,0,0,0,0,0,0,0,0,0,0,0,0,0,0,0,K06,Injektor Kotor / Tersumbat,Bersihkan injektor dengan injector cleaner atau ganti baru.,
466,14,YAMAHA,Soul GT FI,Injeksi,0,0,0,0,0,0,0,0,1,0,0,0,0,0,0,0,0,0,0,0,0,0,0,0,0,0,K08,Sensor TPS / ECU Error,"Reset ECU, kalibrasi TPS, atau ganti sensor TPS.",
467,9,HONDA,Beat Karbu,Karburator,0,0,0,0,1,0,0,0,0,0,0,0,0,0,0,0,0,0,0,0,0,0,0,0,0,0,K13,Klep (Valve) Bocor,"Skir klep, ganti seal klep, dan setel celah klep.",
468,2,HONDA,Beat Street,Injeksi,0,0,0,0,0,0,0,0,0,0,0,0,0,0,0,0,0,0,0,1,0,0,0,0,1,0,K38,Kruk As / Bearing Besar Oblak,Ganti bearing besar kruk as (crankshaft bearing).,
469,14,YAMAHA,Soul GT FI,Injeksi,0,0,0,0,0,0,0,0,0,0,0,1,0,0,0,0,0,0,0,0,0,0,0,0,0,0,K31,V-Belt CVT Retak / Putus,Ganti V-Belt CVT dengan ukuran standar.,
470,1,HONDA,Beat FI,Injeksi,0,0,1,0,0,0,0,0,0,0,0,0,0,0,0,0,0,0,0,0,0,0,0,0,0,0,K15,Bearing Noken As Aus,Ganti bearing noken as dan periksa keausan camshaft.,
471,22,YAMAHA,Fino Karbu,Karburator,0,0,0,0,1,0,0,0,0,1,0,0,0,0,0,0,0,0,0,0,0,0,0,0,0,0,K01,Busi Bermasalah,"Ganti busi baru sesuai spesifikasi, cek gap/celah busi.",
472,5,HONDA,Scoopy FI,Injeksi,0,0,0,0,0,0,0,0,0,0,0,0,1,0,0,0,0,0,0,0,0,0,0,0,0,0,K33,Kampas Ganda Aus,Ganti kampas ganda (clutch shoe) CVT satu set.,
473,3,HONDA,Vario 125,Injeksi,0,0,0,0,0,0,0,0,0,0,0,0,0,0,0,0,0,0,0,0,1,0,0,0,0,0,K35,Seal / Paking Mesin Bocor,Ganti gasket/paking head dan seal mesin yang bocor.,
474,18,YAMAHA,Freego,Injeksi,0,0,0,0,0,0,0,0,1,0,0,0,0,0,0,0,0,0,0,0,0,0,0,0,0,0,K08,Sensor TPS / ECU Error,"Reset ECU, kalibrasi TPS, atau ganti sensor TPS.",
475,21,YAMAHA,Mio Soul Karbu,Karburator,0,0,0,0,0,0,0,0,0,0,1,0,0,0,0,0,0,0,0,0,0,0,0,1,0,0,K45,Setelan Angin Karburator Salah,Setel ulang setelan angin (pilot screw) karburator.,
476,22,YAMAHA,Fino Karbu,Karburator,0,0,0,0,0,0,0,0,0,0,0,0,0,0,0,0,0,0,1,0,0,0,0,0,0,0,K44,Kabel Gas Aus / Macet,Lumasi atau ganti kabel gas (throttle cable).,
477,17,YAMAHA,Lexi,Injeksi,1,0,0,0,0,0,0,0,0,1,0,0,0,0,0,0,0,0,0,0,0,0,0,0,0,0,K06,Injektor Kotor / Tersumbat,Bersihkan injektor dengan injector cleaner atau ganti baru.,
478,18,YAMAHA,Freego,Injeksi,0,0,0,0,0,0,0,0,0,0,0,0,0,1,0,0,0,0,0,0,0,0,0,0,0,0,K24,Kipas Radiator Mati,Ganti motor kipas radiator atau periksa relay/fuse kipas.,
479,9,HONDA,Beat Karbu,Karburator,0,0,0,0,0,0,0,0,0,0,0,0,0,0,0,0,0,0,0,0,0,0,0,0,0,1,K41,CDI Rusak,Ganti CDI (Capacitor Discharge Ignition) dengan yang baru.,
480,2,HONDA,Beat Street,Injeksi,0,0,0,0,0,0,0,0,0,0,0,0,0,0,0,0,0,1,0,1,0,0,0,0,0,0,K36,Piston Macet (Seizure),"Bongkar mesin, korter ulang silinder, ganti piston baru.",
481,11,HONDA,Scoopy Karbu,Karburator,0,0,0,0,0,0,0,0,0,0,0,0,0,0,0,0,0,1,0,0,0,0,0,0,0,0,K36,Piston Macet (Seizure),"Bongkar mesin, korter ulang silinder, ganti piston baru.",
482,14,YAMAHA,Soul GT FI,Injeksi,0,0,0,0,0,0,0,0,0,0,0,0,0,0,0,0,0,0,0,0,0,0,0,0,0,1,K40,ECU Rusak,"Periksa ECU dengan scanner, reset atau ganti ECU.",
483,9,HONDA,Beat Karbu,Karburator,0,1,0,0,0,0,0,0,0,0,0,0,0,0,0,0,0,0,0,0,0,0,0,0,0,0,K02,Aki Soak / Lemah,"Cas ulang aki atau ganti aki baru, periksa kiprok/regulator.",
484,18,YAMAHA,Freego,Injeksi,1,0,0,0,0,0,0,0,0,0,0,0,0,0,0,0,0,0,0,0,0,0,0,0,0,0,K06,Injektor Kotor / Tersumbat,Bersihkan injektor dengan injector cleaner atau ganti baru.,
485,3,HONDA,Vario 125,Injeksi,0,0,0,1,1,0,0,0,0,0,0,0,0,0,0,0,0,0,0,0,0,0,0,0,0,0,K10,Piston / Ring Piston Aus,"Korter blok silinder, ganti piston dan ring piston set.",
486,5,HONDA,Scoopy FI,Injeksi,0,0,0,0,1,0,0,0,0,0,0,0,0,0,0,1,0,0,0,0,0,0,0,0,0,0,K13,Klep (Valve) Bocor,"Skir klep, ganti seal klep, dan setel celah klep.",
487,7,HONDA,PCX 160,Injeksi,0,0,0,0,0,0,0,0,1,0,0,0,0,0,0,0,0,0,0,0,0,0,0,0,0,0,K08,Sensor TPS / ECU Error,"Reset ECU, kalibrasi TPS, atau ganti sensor TPS.",
488,14,YAMAHA,Soul GT FI,Injeksi,0,0,0,0,0,0,0,0,1,0,1,0,0,0,0,0,0,0,0,0,0,0,0,0,0,0,K08,Sensor TPS / ECU Error,"Reset ECU, kalibrasi TPS, atau ganti sensor TPS.",
489,20,YAMAHA,Mio Sporty,Karburator,0,0,0,0,0,0,0,1,0,0,0,0,0,0,0,0,0,0,0,0,0,0,0,0,0,0,K16,Rantai Keteng Kendur,Ganti tensioner dan rantai keteng (timing chain).,
490,10,HONDA,Vario 110 Karbu,Karburator,0,0,0,0,0,0,0,0,0,0,0,0,0,0,0,0,0,0,0,0,0,0,0,1,0,0,K45,Setelan Angin Karburator Salah,Setel ulang setelan angin (pilot screw) karburator.,
491,13,YAMAHA,Mio S,Injeksi,0,0,0,0,0,0,0,0,1,0,0,0,0,0,0,0,0,0,0,0,0,0,0,0,0,0,K08,Sensor TPS / ECU Error,"Reset ECU, kalibrasi TPS, atau ganti sensor TPS.",
492,21,YAMAHA,Mio Soul Karbu,Karburator,0,0,0,0,0,0,0,0,0,0,0,0,0,0,0,0,0,1,0,0,0,0,0,0,0,0,K36,Piston Macet (Seizure),"Bongkar mesin, korter ulang silinder, ganti piston baru.",
493,2,HONDA,Beat Street,Injeksi,0,0,0,1,0,0,0,0,0,0,0,0,0,0,1,0,0,0,0,0,0,0,0,0,0,0,K10,Piston / Ring Piston Aus,"Korter blok silinder, ganti piston dan ring piston set.",
494,6,HONDA,Genio,Injeksi,0,0,0,0,0,0,0,0,0,0,0,0,1,0,0,0,0,0,0,0,0,0,0,0,0,0,K33,Kampas Ganda Aus,Ganti kampas ganda (clutch shoe) CVT satu set.,
495,11,HONDA,Scoopy Karbu,Karburator,0,0,0,0,0,0,0,0,0,0,0,0,0,0,0,0,0,1,0,1,0,0,0,0,0,0,K36,Piston Macet (Seizure),"Bongkar mesin, korter ulang silinder, ganti piston baru.",
496,6,HONDA,Genio,Injeksi,0,0,0,0,0,0,0,0,0,0,0,0,0,0,1,0,0,0,0,0,0,0,0,0,0,0,K10,Piston / Ring Piston Aus,"Korter blok silinder, ganti piston dan ring piston set.",
497,3,HONDA,Vario 125,Injeksi,0,0,0,0,0,0,0,0,0,1,0,0,0,0,0,0,0,0,0,0,0,0,0,0,0,0,K06,Injektor Kotor / Tersumbat,Bersihkan injektor dengan injector cleaner atau ganti baru.,
498,11,HONDA,Scoopy Karbu,Karburator,0,1,0,0,0,0,0,0,0,0,0,0,0,0,0,0,0,0,0,0,0,0,0,0,0,0,K02,Aki Soak / Lemah,"Cas ulang aki atau ganti aki baru, periksa kiprok/regulator.",
499,11,HONDA,Scoopy Karbu,Karburator,0,0,0,0,0,0,0,0,0,1,0,0,0,0,0,0,0,0,0,0,0,0,0,0,0,0,K01,Busi Bermasalah,"Ganti busi baru sesuai spesifikasi, cek gap/celah busi.",
500,12,YAMAHA,Mio M3,Injeksi,0,1,0,0,0,0,0,0,0,0,0,0,0,0,0,0,0,0,0,0,0,0,0,0,0,0,K05,Fuel Pump Lemah,"Periksa tekanan fuel pump, ganti rotak atau assy.",
